ID;RA;Nome;Sobrenome;Email;Telefone;Celular;Data Entrada
1;20583564;AARON;LITTLETON ;SEM@EMAIL.COM;0;0;00/00/0000
2;20788083;ABEL;URSINHO PUFF;SEM@EMAIL.COM;0;0;00/00/0000
3;20404332;ABRAHAM;SIMPSON;SEM@EMAIL.COM;0;0;00/00/0000
4;20755671;ALASTOR;MOODY ;SEM@EMAIL.COM;0;0;00/00/0000
5;20582645;ALEC;BALDWIN;SEM@EMAIL.COM;0;0;00/00/0000
6;20885720;ALFINHO;SEM NOME;SEM@EMAIL.COM;0;0;00/00/0000
7;20694781;ALLISON;TAYLOR THE SIMPSONS;SEM@EMAIL.COM;0;0;00/00/0000
8;20351520;ALVAR;HANSO ;SEM@EMAIL.COM;0;0;00/00/0000
9;20690198;ALVO;PERCIVAL WULFRIC BRIAN DUMBLEDORE ;SEM@EMAIL.COM;0;0;00/00/0000
10;20477418;AMOS;DIGGORY;SEM@EMAIL.COM;0;0;00/00/0000
11;20645029;ANA;ABBOTT;SEM@EMAIL.COM;0;0;00/00/0000
12;20351836;ANDY;PANDA;SEM@EMAIL.COM;0;0;00/00/0000
13;20283054;ANGELINA;JOLIE;SEM@EMAIL.COM;0;0;00/00/0000
14;20589132;ANTHONY;COOPER ;SEM@EMAIL.COM;0;0;00/00/0000
15;20657496;ANTHONY;GOLDSTEIN ;SEM@EMAIL.COM;0;0;00/00/0000
16;20306338;ANTONIN;DOLOHOV;SEM@EMAIL.COM;0;0;00/00/0000
17;20555078;APOLLINE;DELACOUR;SEM@EMAIL.COM;0;0;00/00/0000
18;20871714;APPLE;WHITE;SEM@EMAIL.COM;0;0;00/00/0000
19;20485676;APU;NAHASAPEEMAPETILON;SEM@EMAIL.COM;0;0;00/00/0000
20;20352167;ARABELLA;DORA FIGG ;SEM@EMAIL.COM;0;0;00/00/0000
21;20593506;ARETHA;FRANKLIN;SEM@EMAIL.COM;0;0;00/00/0000
22;20675463;ARGO;FILCH ;SEM@EMAIL.COM;0;0;00/00/0000
23;20872960;ARIEL;SEM NOME;SEM@EMAIL.COM;0;0;00/00/0000
24;20325777;ARMANDO;DIPPET ;SEM@EMAIL.COM;0;0;00/00/0000
25;20622954;ARTHUR;WEASLEY ;SEM@EMAIL.COM;0;0;00/00/0000
26;20740821;ARYA;STARK;SEM@EMAIL.COM;0;0;00/00/0000
27;20761390;ASHLYNN;ELLA;SEM@EMAIL.COM;0;0;00/00/0000
28;20760846;ASTORIA;GREENGRASS ;SEM@EMAIL.COM;0;0;00/00/0000
29;20752971;AUGUSTUS;ROOKWOOD ;SEM@EMAIL.COM;0;0;00/00/0000
30;20744029;AVERY;LESTRANGE ;SEM@EMAIL.COM;0;0;00/00/0000
31;20826888;BABAR;SEM NOME;SEM@EMAIL.COM;0;0;00/00/0000
32;20575540;BAMBI;SEM NOME;SEM@EMAIL.COM;0;0;00/00/0000
33;20866183;BARAO;SANGRENTO ;SEM@EMAIL.COM;0;0;00/00/0000
34;20379782;BARATA;RODOX;SEM@EMAIL.COM;0;0;00/00/0000
35;20726379;BARNEY;RUBBLE;SEM@EMAIL.COM;0;0;00/00/0000
36;20551765;BARRA;INANIMADA DE CARVAO;SEM@EMAIL.COM;0;0;00/00/0000
37;20912838;BARTOLOMEU;CROUCH ;SEM@EMAIL.COM;0;0;00/00/0000
38;20730276;BARTOLOMEU;CROUCH JR. ;SEM@EMAIL.COM;0;0;00/00/0000
39;20648159;BATMAN;SEM NOME;SEM@EMAIL.COM;0;0;00/00/0000
40;20720524;BELA;SEM NOME;SEM@EMAIL.COM;0;0;00/00/0000
41;20741366;BELLATRIX;LESTRANGE ;SEM@EMAIL.COM;0;0;00/00/0000
42;20905364;BERIC;DONDARRION;SEM@EMAIL.COM;0;0;00/00/0000
43;20903436;BERNICE;HIBBERT;SEM@EMAIL.COM;0;0;00/00/0000
44;20402952;BERTHA;JORKINS ;SEM@EMAIL.COM;0;0;00/00/0000
45;20412899;BETTY;BOOP;SEM@EMAIL.COM;0;0;00/00/0000
46;20728188;BICO;DE ACO;SEM@EMAIL.COM;0;0;00/00/0000
47;20371677;BLASIO;ZABINI ;SEM@EMAIL.COM;0;0;00/00/0000
48;20436987;BLONDIE;LOCKES;SEM@EMAIL.COM;0;0;00/00/0000
49;20551442;BOB;DYLAN;SEM@EMAIL.COM;0;0;00/00/0000
50;20553630;BOBBY;BLUE BLAND;SEM@EMAIL.COM;0;0;00/00/0000
51;20906283;BOLA;DE NEVE OS SIMPSONS;SEM@EMAIL.COM;0;0;00/00/0000
52;20916368;BOLOTA;URSINHO PUFF;SEM@EMAIL.COM;0;0;00/00/0000
53;20766352;BON;JOVI;SEM@EMAIL.COM;0;0;00/00/0000
54;20752309;BONNIE;RAITT;SEM@EMAIL.COM;0;0;00/00/0000
55;20856037;BONO;SEM NOME;SEM@EMAIL.COM;0;0;00/00/0000
56;20761070;BOWEN;MARSH;SEM@EMAIL.COM;0;0;00/00/0000
57;20752331;BRAN;STARK;SEM@EMAIL.COM;0;0;00/00/0000
58;20675223;BRIAN;GRIFFIN;SEM@EMAIL.COM;0;0;00/00/0000
59;20699796;BRIAN;WILSON;SEM@EMAIL.COM;0;0;00/00/0000
60;20647136;BRIAR;BEAUTY;SEM@EMAIL.COM;0;0;00/00/0000
61;20714785;BROTHER;BEAR;SEM@EMAIL.COM;0;0;00/00/0000
62;20872814;BRUTUS;POPEYE;SEM@EMAIL.COM;0;0;00/00/0000
63;20333467;BUGS;BUNNY;SEM@EMAIL.COM;0;0;00/00/0000
64;5192008;BUMBLEBEE;MAN;SEM@EMAIL.COM;0;0;00/00/0000
65;20868392;BUNNY;BLANC;SEM@EMAIL.COM;0;0;00/00/0000
66;20569500;CALVIN;HARRIS;SEM@EMAIL.COM;0;0;00/00/0000
67;20679850;CAPITAO;FEIO;SEM@EMAIL.COM;0;0;00/00/0000
68;20753127;CAPITAO;HORATIO MCCALLISTER;SEM@EMAIL.COM;0;0;00/00/0000
69;20415592;CAPITAO;PICOLE;SEM@EMAIL.COM;0;0;00/00/0000
70;20897970;CARIDADE;BURBAGE ;SEM@EMAIL.COM;0;0;00/00/0000
71;20874170;CARL;CARLSON;SEM@EMAIL.COM;0;0;00/00/0000
72;20891341;CARRIE;UNDERWOOD;SEM@EMAIL.COM;0;0;00/00/0000
73;20718683;CASSIDY;PHILLIPS ;SEM@EMAIL.COM;0;0;00/00/0000
74;20524202;CATELYN;STARK;SEM@EMAIL.COM;0;0;00/00/0000
75;20913003;CEBOLINHA;PERSONAGEM;SEM@EMAIL.COM;0;0;00/00/0000
76;20749930;CERISE;HOOD;SEM@EMAIL.COM;0;0;00/00/0000
77;20717068;CERSEI;LANNISTER;SEM@EMAIL.COM;0;0;00/00/0000
78;20072426;CHARLIE;SHEEN;SEM@EMAIL.COM;0;0;00/00/0000
79;20667684;CHARLIZE;THERON;SEM@EMAIL.COM;0;0;00/00/0000
80;20560403;CHARLOTTE'S WEB (1973);SEM NOME;SEM@EMAIL.COM;0;0;00/00/0000
81;20617664;CHARLUS;E DOREA POTTER ;SEM@EMAIL.COM;0;0;00/00/0000
82;20615248;CHEBURASHKA;SEM NOME;SEM@EMAIL.COM;0;0;00/00/0000
83;20754672;CHIQUINHO;GAVIAO;SEM@EMAIL.COM;0;0;00/00/0000
84;20850474;CHRISTINA;AGUILERA;SEM@EMAIL.COM;0;0;00/00/0000
85;20600208;CHRISTOPHER;NOLAN;SEM@EMAIL.COM;0;0;00/00/0000
86;20612310;CINDERELA;SEM NOME;SEM@EMAIL.COM;0;0;00/00/0000
87;20149400;CLETUS;SPUCKLER;SEM@EMAIL.COM;0;0;00/00/0000
88;20417059;COLDPLAY;SEM NOME;SEM@EMAIL.COM;0;0;00/00/0000
89;20758621;COLIN;CREEVEY ;SEM@EMAIL.COM;0;0;00/00/0000
90;20564624;COOKIE;KWAN;SEM@EMAIL.COM;0;0;00/00/0000
91;20721444;CORUJAO;URSINHO PUFF;SEM@EMAIL.COM;0;0;00/00/0000
92;20746753;CRAZY;CAT LADY;SEM@EMAIL.COM;0;0;00/00/0000
93;20584185;CURTIS;MAYFIELD;SEM@EMAIL.COM;0;0;00/00/0000
94;20758902;CYRUS;SIMPSON;SEM@EMAIL.COM;0;0;00/00/0000
95;20551113;DAENERYS;TARGARYEN;SEM@EMAIL.COM;0;0;00/00/0000
96;20885229;DAFFY;DUCK;SEM@EMAIL.COM;0;0;00/00/0000
97;20551365;DARLENE;LOVE;SEM@EMAIL.COM;0;0;00/00/0000
98;20593513;DAVID;BECKHAM;SEM@EMAIL.COM;0;0;00/00/0000
99;20912563;DAVID;GUETTA;SEM@EMAIL.COM;0;0;00/00/0000
100;20404293;DAVID;LETTERMAN;SEM@EMAIL.COM;0;0;00/00/0000
101;20574064;DAVID;RUFFIN;SEM@EMAIL.COM;0;0;00/00/0000
102;20108187;DEAN;THOMAS DINO THOMAS NO ;SEM@EMAIL.COM;0;0;00/00/0000
103;20738117;DEMELZA;ROBINS ;SEM@EMAIL.COM;0;0;00/00/0000
104;20754936;DILYS;DERWENT ;SEM@EMAIL.COM;0;0;00/00/0000
105;20875703;DINO;DANONINHO;SEM@EMAIL.COM;0;0;00/00/0000
106;20902917;DOLLY;PARTON;SEM@EMAIL.COM;0;0;00/00/0000
107;20731964;DOLORES;JANE UMBRIDGE ;SEM@EMAIL.COM;0;0;00/00/0000
108;20532195;DOLPH;OS SIMPSONS;SEM@EMAIL.COM;0;0;00/00/0000
109;20779660;DONALD;TRUMP;SEM@EMAIL.COM;0;0;00/00/0000
110;20517534;DONNY;HATHAWAY;SEM@EMAIL.COM;0;0;00/00/0000
111;20643477;DR;DRE;SEM@EMAIL.COM;0;0;00/00/0000
112;20867554;DR. NICK RIVIERA;SEM NOME;SEM@EMAIL.COM;0;0;00/00/0000
113;20677729;DRACO;LUCIO MALFOY ;SEM@EMAIL.COM;0;0;00/00/0000
114;20910414;DROOPY;SEM NOME;SEM@EMAIL.COM;0;0;00/00/0000
115;20767223;DUCK;DODGERS;SEM@EMAIL.COM;0;0;00/00/0000
116;20311644;EDDARD;STARK;SEM@EMAIL.COM;0;0;00/00/0000
117;20763799;EDWARD;MARS ;SEM@EMAIL.COM;0;0;00/00/0000
118;20848121;ELTON;JOHN;SEM@EMAIL.COM;0;0;00/00/0000
119;20545413;ELVIS;PRESLEY;SEM@EMAIL.COM;0;0;00/00/0000
120;20750429;EMILIA;PERSONAGEM;SEM@EMAIL.COM;0;0;00/00/0000
121;20699695;ESPETO;MANDA-CHUVA;SEM@EMAIL.COM;0;0;00/00/0000
122;20662992;FA;MULAN;SEM@EMAIL.COM;0;0;00/00/0000
123;20682104;FLOYD;MAYWEATHER;SEM@EMAIL.COM;0;0;00/00/0000
124;20887408;FOGHORN;LEGHORN;SEM@EMAIL.COM;0;0;00/00/0000
125;20441043;FRANKIE;STEIN;SEM@EMAIL.COM;0;0;00/00/0000
126;20853967;FRED;FLINTSTONE;SEM@EMAIL.COM;0;0;00/00/0000
127;20640530;GALATEIA;MERRYTHOUGHT ;SEM@EMAIL.COM;0;0;00/00/0000
128;20056604;GEAR;SEM NOME;SEM@EMAIL.COM;0;0;00/00/0000
129;20900250;GENIO;MANDA-CHUVA;SEM@EMAIL.COM;0;0;00/00/0000
130;20898284;GEORGE;JONES;SEM@EMAIL.COM;0;0;00/00/0000
131;20746724;GEORGE;LOPEZ;SEM@EMAIL.COM;0;0;00/00/0000
132;20359448;GINORMICA;SEM NOME;SEM@EMAIL.COM;0;0;00/00/0000
133;20913405;GLADYS;KNIGHT;SEM@EMAIL.COM;0;0;00/00/0000
134;20687136;GORPO;SEM NOME;SEM@EMAIL.COM;0;0;00/00/0000
135;20887766;GOSALYN;MALLARD;SEM@EMAIL.COM;0;0;00/00/0000
136;20471100;GOSSAMER;SEM NOME;SEM@EMAIL.COM;0;0;00/00/0000
137;20646005;GUGU;PERSONAGEM;SEM@EMAIL.COM;0;0;00/00/0000
138;20642232;GWYNETH;PALTROW;SEM@EMAIL.COM;0;0;00/00/0000
139;20257451;HADJI;SEM NOME;SEM@EMAIL.COM;0;0;00/00/0000
140;20331497;HAY;LIN;SEM@EMAIL.COM;0;0;00/00/0000
141;20668141;HECKLE;AND JECKLE;SEM@EMAIL.COM;0;0;00/00/0000
142;20805744;HE-MAN;SEM NOME;SEM@EMAIL.COM;0;0;00/00/0000
143;20846635;HOMEM;RADIOATIVO OS SIMPSONS;SEM@EMAIL.COM;0;0;00/00/0000
144;20862272;HOMEM-BISCOITO (SHREK);SEM NOME;SEM@EMAIL.COM;0;0;00/00/0000
145;20661123;HORACE;GOODSPEED ;SEM@EMAIL.COM;0;0;00/00/0000
146;20644984;HOWARD;STERN;SEM@EMAIL.COM;0;0;00/00/0000
147;20873833;HOWLIN' WOLF;SEM NOME;SEM@EMAIL.COM;0;0;00/00/0000
148;20562797;HUGH;JACKMAN;SEM@EMAIL.COM;0;0;00/00/0000
149;20445921;IGGY;POP;SEM@EMAIL.COM;0;0;00/00/0000
150;20853375;INSPETOR;WILLOUGHBY;SEM@EMAIL.COM;0;0;00/00/0000
151;20904534;J;K ROWLING;SEM@EMAIL.COM;0;0;00/00/0000
152;20570081;JAE;LEE ;SEM@EMAIL.COM;0;0;00/00/0000
153;20591262;JAIME;LANNISTER;SEM@EMAIL.COM;0;0;00/00/0000
154;20891101;JAMES;BROWN;SEM@EMAIL.COM;0;0;00/00/0000
155;20866611;JAMES;PATTERSON;SEM@EMAIL.COM;0;0;00/00/0000
156;20237026;JAMES;TAYLOR;SEM@EMAIL.COM;0;0;00/00/0000
157;20214571;JANEY;HAGSTROM;SEM@EMAIL.COM;0;0;00/00/0000
158;20774371;JANIS;JOPLIN;SEM@EMAIL.COM;0;0;00/00/0000
159;20774552;JASMINE;PERSONAGEM;SEM@EMAIL.COM;0;0;00/00/0000
160;20854186;JEFF;BUCKLEY;SEM@EMAIL.COM;0;0;00/00/0000
161;20804786;JENNIFER;LAWRENCE;SEM@EMAIL.COM;0;0;00/00/0000
162;20558107;JENNIFER;LOPEZ;SEM@EMAIL.COM;0;0;00/00/0000
163;20745989;JEONG;JEONG;SEM@EMAIL.COM;0;0;00/00/0000
164;20761959;JEOR;MORMONT;SEM@EMAIL.COM;0;0;00/00/0000
165;20274693;JERRY;BRUCKHEIMER;SEM@EMAIL.COM;0;0;00/00/0000
166;20911135;JERRY;LEE LEWIS;SEM@EMAIL.COM;0;0;00/00/0000
167;20327011;JIMMY;NEUTRON PERSONAGEM;SEM@EMAIL.COM;0;0;00/00/0000
168;20883826;JOE;QUIMBY;SEM@EMAIL.COM;0;0;00/00/0000
169;20560834;JOFFREY;BARATHEON;SEM@EMAIL.COM;0;0;00/00/0000
170;20331582;JOHAN;E PEEWIT;SEM@EMAIL.COM;0;0;00/00/0000
171;20843988;JOHN;FOGERTY;SEM@EMAIL.COM;0;0;00/00/0000
172;20571016;JOHN;LEE HOOKER;SEM@EMAIL.COM;0;0;00/00/0000
173;20791169;JOHN;LENNON;SEM@EMAIL.COM;0;0;00/00/0000
174;20855609;JOHNNY;TEST PERSONAGEM;SEM@EMAIL.COM;0;0;00/00/0000
175;20759983;JON;STEWART;SEM@EMAIL.COM;0;0;00/00/0000
176;20678183;JONI;MITCHELL;SEM@EMAIL.COM;0;0;00/00/0000
177;20522644;JORAH;MORMONT;SEM@EMAIL.COM;0;0;00/00/0000
178;9113387;JOSS;WHEDON;SEM@EMAIL.COM;0;0;00/00/0000
179;20642054;JUSTINE;DANCER;SEM@EMAIL.COM;0;0;00/00/0000
180;20761310;KAREN;DEGROOT ;SEM@EMAIL.COM;0;0;00/00/0000
181;20887663;KATY;PERRY;SEM@EMAIL.COM;0;0;00/00/0000
182;20867904;KELVIN;JOE INMAN;SEM@EMAIL.COM;0;0;00/00/0000
183;20639422;KEN;BONECO;SEM@EMAIL.COM;0;0;00/00/0000
184;20852566;KENNY;CHESNEY;SEM@EMAIL.COM;0;0;00/00/0000
185;20056222;KEVIN;HART;SEM@EMAIL.COM;0;0;00/00/0000
186;20096779;KIM;KARDASHIAN;SEM@EMAIL.COM;0;0;00/00/0000
187;20731361;KING;K. ROOL;SEM@EMAIL.COM;0;0;00/00/0000
188;20886343;KNOTHEAD;& SPLINTER;SEM@EMAIL.COM;0;0;00/00/0000
189;20787294;KURT;COBAIN;SEM@EMAIL.COM;0;0;00/00/0000
190;20680814;LEBRON;JAMES;SEM@EMAIL.COM;0;0;00/00/0000
191;20903101;LESLIE;ARZT ;SEM@EMAIL.COM;0;0;00/00/0000
192;20885877;LEVON;HELM;SEM@EMAIL.COM;0;0;00/00/0000
193;20193712;LIONEL;MESSI;SEM@EMAIL.COM;0;0;00/00/0000
194;20771354;LOBO;MAU;SEM@EMAIL.COM;0;0;00/00/0000
195;20903774;LOMMY;MAOS VERDES;SEM@EMAIL.COM;0;0;00/00/0000
196;9110035;LUCIO;MALFOY ;SEM@EMAIL.COM;0;0;00/00/0000
197;10124782;LUIGI;PERSONAGEM;SEM@EMAIL.COM;0;0;00/00/0000
198;20700650;LUPINA;SEM NOME;SEM@EMAIL.COM;0;0;00/00/0000
199;20290857;MADBALLS;SEM NOME;SEM@EMAIL.COM;0;0;00/00/0000
200;20477824;MADELINE;HATTER;SEM@EMAIL.COM;0;0;00/00/0000
201;20652260;MADONNA;SEM NOME;SEM@EMAIL.COM;0;0;00/00/0000
202;20474891;MAGALI;SEM NOME;SEM@EMAIL.COM;0;0;00/00/0000
203;20652060;MAGGIE;SIMPSON;SEM@EMAIL.COM;0;0;00/00/0000
204;20668412;MAI;AVATAR: THE LAST AIRBENDER;SEM@EMAIL.COM;0;0;00/00/0000
205;20574016;MALIBU;STACY OS SIMPSONS;SEM@EMAIL.COM;0;0;00/00/0000
206;20885672;MANNY;PACQUIAO;SEM@EMAIL.COM;0;0;00/00/0000
207;20898756;MARC;ANTONY AND PUSSYFOOT;SEM@EMAIL.COM;0;0;00/00/0000
208;20846063;MARGE;SIMPSON;SEM@EMAIL.COM;0;0;00/00/0000
209;20635086;MARIA;SHARAPOVA;SEM@EMAIL.COM;0;0;00/00/0000
210;20876142;MARIAH;CAREY;SEM@EMAIL.COM;0;0;00/00/0000
211;20696992;MARIO;PERSONAGEM;SEM@EMAIL.COM;0;0;00/00/0000
212;20555454;MARK;BURNETT THE BIBLE;SEM@EMAIL.COM;0;0;00/00/0000
213;20894742;MARSUPILAMUS;FANTASII;SEM@EMAIL.COM;0;0;00/00/0000
214;20751761;MARVIN;GAYE;SEM@EMAIL.COM;0;0;00/00/0000
215;20755767;MARVIN; O MARCIANO;SEM@EMAIL.COM;0;0;00/00/0000
216;20774545;MATTHEW;ABADDON ;SEM@EMAIL.COM;0;0;00/00/0000
217;20655654;MAVIS;STAPLES;SEM@EMAIL.COM;0;0;00/00/0000
218;20856178;MEANY;RANHETA;SEM@EMAIL.COM;0;0;00/00/0000
219;20201093;MEENA;SEM NOME;SEM@EMAIL.COM;0;0;00/00/0000
220;20876707;MEGA;MAN ;SEM@EMAIL.COM;0;0;00/00/0000
221;20765240;MEGARA;SEM NOME;SEM@EMAIL.COM;0;0;00/00/0000
222;20665197;MEISTRE;AEMON;SEM@EMAIL.COM;0;0;00/00/0000
223;20257443;MENTOR;MASTERS OF THE UNIVERSE;SEM@EMAIL.COM;0;0;00/00/0000
224;20827834;MICHAEL;BAY;SEM@EMAIL.COM;0;0;00/00/0000
225;20712853;MICHAEL;DAMICO;SEM@EMAIL.COM;0;0;00/00/0000
226;20470095;MITHU;SEM NOME;SEM@EMAIL.COM;0;0;00/00/0000
227;20869608;MIYAMOTO;USAGI;SEM@EMAIL.COM;0;0;00/00/0000
228;20909372;MONICA;SEM NOME;SEM@EMAIL.COM;0;0;00/00/0000
229;20857069;MONSIEUR;DELACOUR ;SEM@EMAIL.COM;0;0;00/00/0000
230;20772953;MONTGOMERY;BURNS;SEM@EMAIL.COM;0;0;00/00/0000
231;20514382;MORRISSEY;SEM NOME;SEM@EMAIL.COM;0;0;00/00/0000
232;20912763;MULHER;GORDA ;SEM@EMAIL.COM;0;0;00/00/0000
233;20902720;MUTTLEY;SEM NOME;SEM@EMAIL.COM;0;0;00/00/0000
234;20903998;NADIA;SEM NOME;SEM@EMAIL.COM;0;0;00/00/0000
235;20723625;NATALIA;MCDONALD ;SEM@EMAIL.COM;0;0;00/00/0000
236;20871626;NEIL;PATRICK HARRIS;SEM@EMAIL.COM;0;0;00/00/0000
237;20565270;OFFICER;DIBBLE;SEM@EMAIL.COM;0;0;00/00/0000
238;20230718;OGG;SEM NOME;SEM@EMAIL.COM;0;0;00/00/0000
239;20866893;OLIMPIA;MAXIME ;SEM@EMAIL.COM;0;0;00/00/0000
240;20747841;OLIVIA;PALITO;SEM@EMAIL.COM;0;0;00/00/0000
241;20733091;OPRAH;WINFREY;SEM@EMAIL.COM;0;0;00/00/0000
242;20717393;OSWALD;THE LUCKY RABBIT;SEM@EMAIL.COM;0;0;00/00/0000
243;20324578;OTIS;REDDING;SEM@EMAIL.COM;0;0;00/00/0000
244;20546658;OTTO;ROCKET;SEM@EMAIL.COM;0;0;00/00/0000
245;20538617;OZZIE;SEM NOME;SEM@EMAIL.COM;0;0;00/00/0000
246;20608551;PAC-MAN ;SEM NOME;SEM@EMAIL.COM;0;0;00/00/0000
247;20203141;PAPAI;SMURF;SEM@EMAIL.COM;0;0;00/00/0000
248;20845287;PATO;DONALD;SEM@EMAIL.COM;0;0;00/00/0000
249;20314392;PATTI;LABELLE;SEM@EMAIL.COM;0;0;00/00/0000
250;20853812;PATTI;SMITH;SEM@EMAIL.COM;0;0;00/00/0000
251;20618148;PAUL;RODGERS;SEM@EMAIL.COM;0;0;00/00/0000
252;20890491;PEDRITA;FLINTSTONE;SEM@EMAIL.COM;0;0;00/00/0000
253;20906228;PENELOPE;PITSTOP;SEM@EMAIL.COM;0;0;00/00/0000
254;20328073;PENNY;INSPETOR BUGIGANGA;SEM@EMAIL.COM;0;0;00/00/0000
255;20758760;PEPPER;ANN;SEM@EMAIL.COM;0;0;00/00/0000
256;20224226;PETER;JACKSON;SEM@EMAIL.COM;0;0;00/00/0000
257;20467662;PETER;POTAMUS;SEM@EMAIL.COM;0;0;00/00/0000
258;20629811;PETUNIA;PIG;SEM@EMAIL.COM;0;0;00/00/0000
259;20442184;PINK;PANTHER;SEM@EMAIL.COM;0;0;00/00/0000
260;20554047;PIPEYE;PUPEYE  POOPEYE E PEEPEYE;SEM@EMAIL.COM;0;0;00/00/0000
261;20500007;PLUCKY;DUCK;SEM@EMAIL.COM;0;0;00/00/0000
262;20440787;POCAHONTAS;SEM NOME;SEM@EMAIL.COM;0;0;00/00/0000
263;20653995;POPEYE;SEM NOME;SEM@EMAIL.COM;0;0;00/00/0000
264;20653610;PORPENTINA;SCAMANDER ;SEM@EMAIL.COM;0;0;00/00/0000
265;20454163;PURO;OSSO;SEM@EMAIL.COM;0;0;00/00/0000
266;20723369;RACHAEL;RAY;SEM@EMAIL.COM;0;0;00/00/0000
267;20869859;RAY;RAY LEE;SEM@EMAIL.COM;0;0;00/00/0000
268;20667541;RAY;ROMANO;SEM@EMAIL.COM;0;0;00/00/0000
269;20604501;REGULUS;BLACK ;SEM@EMAIL.COM;0;0;00/00/0000
270;20684091;REPTIL;MARVEL COMICS;SEM@EMAIL.COM;0;0;00/00/0000
271;20370923;RICOCHET;RABBIT & DROOP-A-LONG;SEM@EMAIL.COM;0;0;00/00/0000
272;20756218;RIHANNA;SEM NOME;SEM@EMAIL.COM;0;0;00/00/0000
273;20311674;RIMA;SEM NOME;SEM@EMAIL.COM;0;0;00/00/0000
274;20548782;ROBB;STARK;SEM@EMAIL.COM;0;0;00/00/0000
275;20876993;ROBERT;BARATHEON;SEM@EMAIL.COM;0;0;00/00/0000
276;20883036;ROBERT;DOWNEY JR;SEM@EMAIL.COM;0;0;00/00/0000
277;20680332;RODRIK;CASSEL;SEM@EMAIL.COM;0;0;00/00/0000
278;20373356;ROGER;RACE BANNON;SEM@EMAIL.COM;0;0;00/00/0000
279;20621695;ROGER;DALTREY;SEM@EMAIL.COM;0;0;00/00/0000
280;20656776;RONNIE;SPECTOR;SEM@EMAIL.COM;0;0;00/00/0000
281;20879993;ROSLIN;FREY;SEM@EMAIL.COM;0;0;00/00/0000
282;20644714;ROY;ORBISON;SEM@EMAIL.COM;0;0;00/00/0000
283;20881692;RUBEO;HAGRID ;SEM@EMAIL.COM;0;0;00/00/0000
284;20880490;RUFUS;SCRIMGEOUR ;SEM@EMAIL.COM;0;0;00/00/0000
285;20912596;RUSH;LIMBAUGH;SEM@EMAIL.COM;0;0;00/00/0000
286;20870558;RYAN;SEACREST;SEM@EMAIL.COM;0;0;00/00/0000
287;20532946;SAM;COOKE;SEM@EMAIL.COM;0;0;00/00/0000
288;20630918;SAMWELL;TARLY;SEM@EMAIL.COM;0;0;00/00/0000
289;20604161;SANDRA;BULLOCK;SEM@EMAIL.COM;0;0;00/00/0000
290;20448965;SANSA;STARK;SEM@EMAIL.COM;0;0;00/00/0000
291;20892222;SCORPIUS;MALFOY ;SEM@EMAIL.COM;0;0;00/00/0000
292;20420010;SEYMOUR;SKINNER;SEM@EMAIL.COM;0;0;00/00/0000
293;20917394;SHELBYVILLE;MANHATTAN;SEM@EMAIL.COM;0;0;00/00/0000
294;20602854;SHERRI;E TERRI;SEM@EMAIL.COM;0;0;00/00/0000
295;20527538;SIDESHOW;BOB;SEM@EMAIL.COM;0;0;00/00/0000
296;20850860;SIMON;COWELL;SEM@EMAIL.COM;0;0;00/00/0000
297;20778802;SLY;STONE;SEM@EMAIL.COM;0;0;00/00/0000
298;20866590;SMOKEY;ROBINSON;SEM@EMAIL.COM;0;0;00/00/0000
299;20747088;SOFIA;VERGARA;SEM@EMAIL.COM;0;0;00/00/0000
300;20778076;SOLOMON;BURKE;SEM@EMAIL.COM;0;0;00/00/0000
301;20875255;STEPHEN;KING;SEM@EMAIL.COM;0;0;00/00/0000
302;20873301;STEVE;PERRY;SEM@EMAIL.COM;0;0;00/00/0000
303;20338220;STEVE;WINWOOD;SEM@EMAIL.COM;0;0;00/00/0000
304;20537088;STEVEN;TYLER;SEM@EMAIL.COM;0;0;00/00/0000
305;20731465;STEVIE;NICKS;SEM@EMAIL.COM;0;0;00/00/0000
306;20883468;STEVIE;WONDER;SEM@EMAIL.COM;0;0;00/00/0000
307;20763844;STUART;RADZINSKY ;SEM@EMAIL.COM;0;0;00/00/0000
308;20712233;SUZANNE;COLLINS;SEM@EMAIL.COM;0;0;00/00/0000
309;20744719;TAYLOR;SWIFT;SEM@EMAIL.COM;0;0;00/00/0000
310;20405940;THE;EVERLY BROTHERS;SEM@EMAIL.COM;0;0;00/00/0000
311;20518967;THEODORE;NOTT ;SEM@EMAIL.COM;0;0;00/00/0000
312;20649347;THEON;GREYJOY;SEM@EMAIL.COM;0;0;00/00/0000
313;20614472;THOM;YORKE;SEM@EMAIL.COM;0;0;00/00/0000
314;20886283;TIGER;WOODS;SEM@EMAIL.COM;0;0;00/00/0000
315;20872376;TINA;FEY 30 ROCK;SEM@EMAIL.COM;0;0;00/00/0000
316;20737322;TOBIAS;SNAPE E EILEEN PRINCE ;SEM@EMAIL.COM;0;0;00/00/0000
317;20778218;TOBY;KEITH;SEM@EMAIL.COM;0;0;00/00/0000
318;20624841;TOM;BRADY;SEM@EMAIL.COM;0;0;00/00/0000
319;20367378;TOM;CRUISE;SEM@EMAIL.COM;0;0;00/00/0000
320;20828084;TOM;WAITS;SEM@EMAIL.COM;0;0;00/00/0000
321;20752411;TOMMEN;BARATHEON;SEM@EMAIL.COM;0;0;00/00/0000
322;20419510;TOOTS;HIBBERT;SEM@EMAIL.COM;0;0;00/00/0000
323;20730403;TORTA;QUENTE;SEM@EMAIL.COM;0;0;00/00/0000
324;20709988;TURMA;DO BERMUDAO;SEM@EMAIL.COM;0;0;00/00/0000
325;20891336;TYLER;PERRY;SEM@EMAIL.COM;0;0;00/00/0000
326;20552167;TYRION;LANNISTER;SEM@EMAIL.COM;0;0;00/00/0000
327;20628077;TYWIN;LANNISTER;SEM@EMAIL.COM;0;0;00/00/0000
328;20615382;USAIN;BOLT;SEM@EMAIL.COM;0;0;00/00/0000
329;20185146;VAN;MORRISON;SEM@EMAIL.COM;0;0;00/00/0000
330;20661751;VARYS;SEM NOME;SEM@EMAIL.COM;0;0;00/00/0000
331;20849220;VISERYS;TARGARYEN;SEM@EMAIL.COM;0;0;00/00/0000
332;20761997;WAYMAR;ROYCE;SEM@EMAIL.COM;0;0;00/00/0000
333;20637415;WHITNEY;HOUSTON;SEM@EMAIL.COM;0;0;00/00/0000
334;20743623;WILL;SMITH;SEM@EMAIL.COM;0;0;00/00/0000
335;20681493;WILLIE;NELSON;SEM@EMAIL.COM;0;0;00/00/0000
336;20910982;YEMI;SEM NOME;SEM@EMAIL.COM;0;0;00/00/0000
337;20550774;GODOFREDO;SEM NOME;SEM@EMAIL.COM;0;0;00/00/0000
338;20710353;DAYNERIS;SEM NOME;SEM@EMAIL.COM;0;0;00/00/0000
339;20583564;AARON;LITTLETON ;SEM@EMAIL.COM;0;0;00/00/0000
340;20801005;ABEFORTH;DUMBLEDORE ;SEM@EMAIL.COM;0;0;00/00/0000
341;20861100;ADAM;SANDLER;SEM@EMAIL.COM;0;0;00/00/0000
342;20951855;AERROW;SEM NOME;SEM@EMAIL.COM;0;0;00/00/0000
343;20628901;AJUDANTE;DE PAPAI NOEL;SEM@EMAIL.COM;0;0;00/00/0000
344;20843993;AL;GREEN;SEM@EMAIL.COM;0;0;00/00/0000
345;20755671;ALASTOR;MOODY ;SEM@EMAIL.COM;0;0;00/00/0000
346;20582645;ALEC;BALDWIN;SEM@EMAIL.COM;0;0;00/00/0000
347;20885720;ALFINHO;SEM NOME;SEM@EMAIL.COM;0;0;00/00/0000
348;20138876;ALICE;PERSONAGEM DA DISNEY;SEM@EMAIL.COM;0;0;00/00/0000
349;20999778;ALLISER;THORNE;SEM@EMAIL.COM;0;0;00/00/0000
350;20694781;ALLISON;TAYLOR THE SIMPSONS;SEM@EMAIL.COM;0;0;00/00/0000
351;20477418;AMOS;DIGGORY;SEM@EMAIL.COM;0;0;00/00/0000
352;20977374;ANGELINA;JOHNSON WEASLEY ;SEM@EMAIL.COM;0;0;00/00/0000
353;20283054;ANGELINA;JOLIE;SEM@EMAIL.COM;0;0;00/00/0000
354;20657496;ANTHONY;GOLDSTEIN ;SEM@EMAIL.COM;0;0;00/00/0000
355;20555078;APOLLINE;DELACOUR;SEM@EMAIL.COM;0;0;00/00/0000
356;20871714;APPLE;WHITE;SEM@EMAIL.COM;0;0;00/00/0000
357;20485676;APU;NAHASAPEEMAPETILON;SEM@EMAIL.COM;0;0;00/00/0000
358;20352167;ARABELLA;DORA FIGG ;SEM@EMAIL.COM;0;0;00/00/0000
359;20593506;ARETHA;FRANKLIN;SEM@EMAIL.COM;0;0;00/00/0000
360;20675463;ARGO;FILCH ;SEM@EMAIL.COM;0;0;00/00/0000
361;20872960;ARIEL;SEM NOME;SEM@EMAIL.COM;0;0;00/00/0000
362;20710838;ART;GARFUNKEL;SEM@EMAIL.COM;0;0;00/00/0000
363;20622954;ARTHUR;WEASLEY ;SEM@EMAIL.COM;0;0;00/00/0000
364;20761390;ASHLYNN;ELLA;SEM@EMAIL.COM;0;0;00/00/0000
365;20944001;ASHTON;KUTCHER;SEM@EMAIL.COM;0;0;00/00/0000
366;20760846;ASTORIA;GREENGRASS ;SEM@EMAIL.COM;0;0;00/00/0000
367;20752971;AUGUSTUS;ROOKWOOD ;SEM@EMAIL.COM;0;0;00/00/0000
368;21013268;AURORA;DISNEY;SEM@EMAIL.COM;0;0;00/00/0000
369;20977703;AVATA;STAR SUE;SEM@EMAIL.COM;0;0;00/00/0000
370;20744029;AVERY;LESTRANGE ;SEM@EMAIL.COM;0;0;00/00/0000
371;20989378;AXL;ROSE;SEM@EMAIL.COM;0;0;00/00/0000
372;20826888;BABAR;SEM NOME;SEM@EMAIL.COM;0;0;00/00/0000
373;20942607;BACANA;MANDA-CHUVA;SEM@EMAIL.COM;0;0;00/00/0000
374;20575540;BAMBI;SEM NOME;SEM@EMAIL.COM;0;0;00/00/0000
375;8112767;BANDIT;SEM NOME;SEM@EMAIL.COM;0;0;00/00/0000
376;20866183;BARAO;SANGRENTO ;SEM@EMAIL.COM;0;0;00/00/0000
377;20379782;BARATA;RODOX;SEM@EMAIL.COM;0;0;00/00/0000
378;20950889;BARNEY;GOOGLE E SNUFFY SMITH;SEM@EMAIL.COM;0;0;00/00/0000
379;20726379;BARNEY;RUBBLE;SEM@EMAIL.COM;0;0;00/00/0000
380;20551765;BARRA;INANIMADA DE CARVAO;SEM@EMAIL.COM;0;0;00/00/0000
381;21009648;BART;SIMPSON;SEM@EMAIL.COM;0;0;00/00/0000
382;20960594;MARBART;SIMPSON;SEM@EMAIL.COM;0;0;00/00/0000
383;20912838;BARTOLOMEU;CROUCH ;SEM@EMAIL.COM;0;0;00/00/0000
384;20730276;BARTOLOMEU;CROUCH JR. ;SEM@EMAIL.COM;0;0;00/00/0000
385;20683246;BATATINHA;MANDA-CHUVA;SEM@EMAIL.COM;0;0;00/00/0000
386;20648159;BATMAN;SEM NOME;SEM@EMAIL.COM;0;0;00/00/0000
387;20720524;BELA;SEM NOME;SEM@EMAIL.COM;0;0;00/00/0000
388;21022551;BEN;AFFLECK;SEM@EMAIL.COM;0;0;00/00/0000
389;20933365;BENJEN;STARK;SEM@EMAIL.COM;0;0;00/00/0000
390;20905364;BERIC;DONDARRION;SEM@EMAIL.COM;0;0;00/00/0000
391;20402952;BERTHA;JORKINS ;SEM@EMAIL.COM;0;0;00/00/0000
392;20412899;BETTY;BOOP;SEM@EMAIL.COM;0;0;00/00/0000
393;21006535;BETTY;RUBBLE;SEM@EMAIL.COM;0;0;00/00/0000
394;20938989;BEYONCE;KNOWLES;SEM@EMAIL.COM;0;0;00/00/0000
395;21022344;BIMBO;SEM NOME;SEM@EMAIL.COM;0;0;00/00/0000
396;20948293;BISONHO;SEM NOME;SEM@EMAIL.COM;0;0;00/00/0000
397;21007438;BJORK;SEM NOME;SEM@EMAIL.COM;0;0;00/00/0000
398;20371677;BLASIO;ZABINI ;SEM@EMAIL.COM;0;0;00/00/0000
399;20436987;BLONDIE;LOCKES;SEM@EMAIL.COM;0;0;00/00/0000
400;20553630;BOBBY;BLUE BLAND;SEM@EMAIL.COM;0;0;00/00/0000
401;20906283;BOLA;DE NEVE OS SIMPSONS;SEM@EMAIL.COM;0;0;00/00/0000
402;20766352;BON;JOVI;SEM@EMAIL.COM;0;0;00/00/0000
403;20752309;BONNIE;RAITT;SEM@EMAIL.COM;0;0;00/00/0000
404;20856037;BONO;SEM NOME;SEM@EMAIL.COM;0;0;00/00/0000
405;20761070;BOWEN;MARSH;SEM@EMAIL.COM;0;0;00/00/0000
406;20752331;BRAN;STARK;SEM@EMAIL.COM;0;0;00/00/0000
407;20955910;BRANCA;DE NEVE DISNEY;SEM@EMAIL.COM;0;0;00/00/0000
408;20675223;BRIAN;GRIFFIN;SEM@EMAIL.COM;0;0;00/00/0000
409;20699796;BRIAN;WILSON;SEM@EMAIL.COM;0;0;00/00/0000
410;20714785;BROTHER;BEAR;SEM@EMAIL.COM;0;0;00/00/0000
411;20823155;BRUTO;MALFOY ;SEM@EMAIL.COM;0;0;00/00/0000
412;21010567;BRUXA;DOS DOCES;SEM@EMAIL.COM;0;0;00/00/0000
413;20986603;BUDDY;HOLLY;SEM@EMAIL.COM;0;0;00/00/0000
414;20868392;BUNNY;BLANC;SEM@EMAIL.COM;0;0;00/00/0000
415;21010821;CABECA;DE MARTELO DISNEY;SEM@EMAIL.COM;0;0;00/00/0000
416;20569500;CALVIN;HARRIS;SEM@EMAIL.COM;0;0;00/00/0000
417;20679850;CAPITAO;FEIO;SEM@EMAIL.COM;0;0;00/00/0000
418;21000468;CAPITÃO GAULT ;SEM NOME;SEM@EMAIL.COM;0;0;00/00/0000
419;20753127;CAPITAO;HORATIO MCCALLISTER;SEM@EMAIL.COM;0;0;00/00/0000
420;20965381;CAPTAIN;CAVEMAN AND THE TEEN ANGELS;SEM@EMAIL.COM;0;0;00/00/0000
421;20897970;CARIDADE;BURBAGE ;SEM@EMAIL.COM;0;0;00/00/0000
422;20874170;CARL;CARLSON;SEM@EMAIL.COM;0;0;00/00/0000
423;20891341;CARRIE;UNDERWOOD;SEM@EMAIL.COM;0;0;00/00/0000
424;21020533;CASCAO;SEM NOME;SEM@EMAIL.COM;0;0;00/00/0000
425;21022827;CASSANDRA;TRELAWNEY ;SEM@EMAIL.COM;0;0;00/00/0000
426;20718683;CASSIDY;PHILLIPS ;SEM@EMAIL.COM;0;0;00/00/0000
427;20781288;CASTOR;PALITO;SEM@EMAIL.COM;0;0;00/00/0000
428;20947993;CEDRICO;DIGGORY ;SEM@EMAIL.COM;0;0;00/00/0000
429;20749930;CERISE;HOOD;SEM@EMAIL.COM;0;0;00/00/0000
430;20717068;CERSEI;LANNISTER;SEM@EMAIL.COM;0;0;00/00/0000
431;20967548;CHANNING;TATUM;SEM@EMAIL.COM;0;0;00/00/0000
432;20742362;CHARLES;WIDMORE ;SEM@EMAIL.COM;0;0;00/00/0000
433;20987488;CHARLIE;CHAN;SEM@EMAIL.COM;0;0;00/00/0000
434;20072426;CHARLIE;SHEEN;SEM@EMAIL.COM;0;0;00/00/0000
435;20667684;CHARLIZE;THERON;SEM@EMAIL.COM;0;0;00/00/0000
436;20560403;CHARLOTTE'S WEB (1973);SEM NOME;SEM@EMAIL.COM;0;0;00/00/0000
437;20776878;CHARLOTTE'S WEB (2006);SEM NOME;SEM@EMAIL.COM;0;0;00/00/0000
438;20617664;CHARLUS;E DOREA POTTER ;SEM@EMAIL.COM;0;0;00/00/0000
439;20615248;CHEBURASHKA;SEM NOME;SEM@EMAIL.COM;0;0;00/00/0000
440;20168335;CHESTER;CHEETAH;SEM@EMAIL.COM;0;0;00/00/0000
441;20960550;CHRISTIAN;SHEPHARD ;SEM@EMAIL.COM;0;0;00/00/0000
442;20850474;CHRISTINA;AGUILERA;SEM@EMAIL.COM;0;0;00/00/0000
443;21022314;CHUCK;BERRY;SEM@EMAIL.COM;0;0;00/00/0000
444;20612310;CINDERELA;SEM NOME;SEM@EMAIL.COM;0;0;00/00/0000
445;20955361;CLANCY;WIGGUM;SEM@EMAIL.COM;0;0;00/00/0000
446;20149400;CLETUS;SPUCKLER;SEM@EMAIL.COM;0;0;00/00/0000
447;10107918;CLOVER;TOTALLY SPIES;SEM@EMAIL.COM;0;0;00/00/0000
448;20417059;COLDPLAY;SEM NOME;SEM@EMAIL.COM;0;0;00/00/0000
449;21014228;COLE;PALITO;SEM@EMAIL.COM;0;0;00/00/0000
450;20758621;COLIN;CREEVEY ;SEM@EMAIL.COM;0;0;00/00/0000
451;20935808;COMIC;BOOK GUY;SEM@EMAIL.COM;0;0;00/00/0000
452;20564624;COOKIE;KWAN;SEM@EMAIL.COM;0;0;00/00/0000
453;20181016;CORMACO;MCLAGGEN ;SEM@EMAIL.COM;0;0;00/00/0000
454;21019287;CORNELIUS;FUDGE ;SEM@EMAIL.COM;0;0;00/00/0000
455;20721444;CORUJAO;URSINHO PUFF;SEM@EMAIL.COM;0;0;00/00/0000
456;20746753;CRAZY;CAT LADY;SEM@EMAIL.COM;0;0;00/00/0000
457;20916833;CREAM;THE RABBIT;SEM@EMAIL.COM;0;0;00/00/0000
458;21018532;CRISTIANO;RONALDO;SEM@EMAIL.COM;0;0;00/00/0000
459;20584185;CURTIS;MAYFIELD;SEM@EMAIL.COM;0;0;00/00/0000
460;20943431;CYGNUS;BLACK ;SEM@EMAIL.COM;0;0;00/00/0000
461;20758902;CYRUS;SIMPSON;SEM@EMAIL.COM;0;0;00/00/0000
462;20551113;DAENERYS;TARGARYEN;SEM@EMAIL.COM;0;0;00/00/0000
463;20885229;DAFFY;DUCK;SEM@EMAIL.COM;0;0;00/00/0000
464;20252534;DANICA;PATRICK;SEM@EMAIL.COM;0;0;00/00/0000
465;20550774;DANIELLE;ROUSSEAU ;SEM@EMAIL.COM;0;0;00/00/0000
466;20747350;DARBY;URSINHO POOH;SEM@EMAIL.COM;0;0;00/00/0000
467;20976508;DARK;DANNY;SEM@EMAIL.COM;0;0;00/00/0000
468;20593513;DAVID;BECKHAM;SEM@EMAIL.COM;0;0;00/00/0000
469;20962968;DAVID;BOWIE;SEM@EMAIL.COM;0;0;00/00/0000
470;20912563;DAVID;GUETTA;SEM@EMAIL.COM;0;0;00/00/0000
471;20574064;DAVID;RUFFIN;SEM@EMAIL.COM;0;0;00/00/0000
472;21021724;DAWLISH;SEM NOME;SEM@EMAIL.COM;0;0;00/00/0000
473;20738117;DEMELZA;ROBINS ;SEM@EMAIL.COM;0;0;00/00/0000
474;20984496;DENNIS;CREEVEY ;SEM@EMAIL.COM;0;0;00/00/0000
475;20926087;DEXTER;FORTESCUE ;SEM@EMAIL.COM;0;0;00/00/0000
476;20920397;DICK;DASTARDLY;SEM@EMAIL.COM;0;0;00/00/0000
477;21011382;DIRETOR;EVERARDO ;SEM@EMAIL.COM;0;0;00/00/0000
478;21022944;DISCO;STU;SEM@EMAIL.COM;0;0;00/00/0000
479;20701501;DOC;HUDSON;SEM@EMAIL.COM;0;0;00/00/0000
480;21005497;DOKI;SEM NOME;SEM@EMAIL.COM;0;0;00/00/0000
481;20902917;DOLLY;PARTON;SEM@EMAIL.COM;0;0;00/00/0000
482;20731964;DOLORES;JANE UMBRIDGE ;SEM@EMAIL.COM;0;0;00/00/0000
483;21004277;GABRIEL;RAMOS TORRES;SEM@EMAIL.COM;0;0;00/00/0000
484;20532195;DOLPH;OS SIMPSONS;SEM@EMAIL.COM;0;0;00/00/0000
485;20170120;DON;HENLEY;SEM@EMAIL.COM;0;0;00/00/0000
486;20779660;DONALD;TRUMP;SEM@EMAIL.COM;0;0;00/00/0000
487;20517534;DONNY;HATHAWAY;SEM@EMAIL.COM;0;0;00/00/0000
488;20964343;DOOLEY;SEM NOME;SEM@EMAIL.COM;0;0;00/00/0000
489;20643477;DR;DRE;SEM@EMAIL.COM;0;0;00/00/0000
490;20944972;DR;PHIL MCGRAW;SEM@EMAIL.COM;0;0;00/00/0000
491;20867554;DR. NICK RIVIERA;SEM NOME;SEM@EMAIL.COM;0;0;00/00/0000
492;20995435;DR. QUEST;SEM NOME;SEM@EMAIL.COM;0;0;00/00/0000
493;20677729;DRACO;LUCIO MALFOY ;SEM@EMAIL.COM;0;0;00/00/0000
494;20941508;DREW;BREES;SEM@EMAIL.COM;0;0;00/00/0000
495;20910414;DROOPY;SEM NOME;SEM@EMAIL.COM;0;0;00/00/0000
496;20767223;DUCK;DODGERS;SEM@EMAIL.COM;0;0;00/00/0000
497;20926206;DUDU;POPEYE;SEM@EMAIL.COM;0;0;00/00/0000
498;20986244;DWAYNE;JOHNSON;SEM@EMAIL.COM;0;0;00/00/0000
499;20513095;E;L JAMES;SEM@EMAIL.COM;0;0;00/00/0000
500;20763799;EDWARD;MARS ;SEM@EMAIL.COM;0;0;00/00/0000
501;20964826;EL;CHAPULIN COLORADO PERSONAGEM;SEM@EMAIL.COM;0;0;00/00/0000
502;20728744;ELLEN;DEGENERES;SEM@EMAIL.COM;0;0;00/00/0000
503;21021373;ELMER;FUDD;SEM@EMAIL.COM;0;0;00/00/0000
504;20848121;ELTON;JOHN;SEM@EMAIL.COM;0;0;00/00/0000
505;20545413;ELVIS;PRESLEY;SEM@EMAIL.COM;0;0;00/00/0000
506;21010742;ERIC;BOURDON;SEM@EMAIL.COM;0;0;00/00/0000
507;20996398;ESMERALDA;PERSONAGEM DA DISNEY;SEM@EMAIL.COM;0;0;00/00/0000
508;20699695;ESPETO;MANDA-CHUVA;SEM@EMAIL.COM;0;0;00/00/0000
509;20984415;ESTRELINHA;MAGICA;SEM@EMAIL.COM;0;0;00/00/0000
510;21002519;ETTA;JAMES;SEM@EMAIL.COM;0;0;00/00/0000
511;21009533;EUGENIO;O JEEP MAGICO;SEM@EMAIL.COM;0;0;00/00/0000
512;20662992;FA;MULAN;SEM@EMAIL.COM;0;0;00/00/0000
513;20916352;FELIX;THE CAT;SEM@EMAIL.COM;0;0;00/00/0000
514;20682104;FLOYD;MAYWEATHER;SEM@EMAIL.COM;0;0;00/00/0000
515;20887408;FOGHORN;LEGHORN;SEM@EMAIL.COM;0;0;00/00/0000
516;20951323;FRAJUTO;SEM NOME;SEM@EMAIL.COM;0;0;00/00/0000
517;20441043;FRANKIE;STEIN;SEM@EMAIL.COM;0;0;00/00/0000
518;20969513;FRANKIE;VALLI;SEM@EMAIL.COM;0;0;00/00/0000
519;20745278;FREDDIE;MERCURY;SEM@EMAIL.COM;0;0;00/00/0000
520;20965981;GAUCHINHO;VOADOR;SEM@EMAIL.COM;0;0;00/00/0000
521;21012571;GEEZIL;SEM NOME;SEM@EMAIL.COM;0;0;00/00/0000
522;20900250;GENIO;MANDA-CHUVA;SEM@EMAIL.COM;0;0;00/00/0000
523;20898284;GEORGE;JONES;SEM@EMAIL.COM;0;0;00/00/0000
524;20359448;GINORMICA;SEM NOME;SEM@EMAIL.COM;0;0;00/00/0000
525;20913405;GLADYS;KNIGHT;SEM@EMAIL.COM;0;0;00/00/0000
526;20940095;GORDON;RAMSAY;SEM@EMAIL.COM;0;0;00/00/0000
527;20687136;GORPO;SEM NOME;SEM@EMAIL.COM;0;0;00/00/0000
528;21005402;GRANNY;LOONEY TUNES;SEM@EMAIL.COM;0;0;00/00/0000
529;20710353;GREGG;ALLMAN;SEM@EMAIL.COM;0;0;00/00/0000
530;20952826;GREGOR;CLEGANE;SEM@EMAIL.COM;0;0;00/00/0000
531;20646005;GUGU;PERSONAGEM;SEM@EMAIL.COM;0;0;00/00/0000
532;20918182;GURU;URSINHO PUFF;SEM@EMAIL.COM;0;0;00/00/0000
533;20960071;HANA;WYSTER;SEM@EMAIL.COM;0;0;00/00/0000
534;21022775;HANK;WILLIAMS;SEM@EMAIL.COM;0;0;00/00/0000
535;20935142;HANS;MOLEMAN;SEM@EMAIL.COM;0;0;00/00/0000
536;20331497;HAY;LIN;SEM@EMAIL.COM;0;0;00/00/0000
537;20668141;HECKLE;AND JECKLE;SEM@EMAIL.COM;0;0;00/00/0000
538;20805744;HE-MAN;SEM NOME;SEM@EMAIL.COM;0;0;00/00/0000
539;20846635;HICKORY; DICKORY AND DOC;SEM@EMAIL.COM;0;0;00/00/0000
540;20862272;HOMEM-BISCOITO (SHREK);SEM NOME;SEM@EMAIL.COM;0;0;00/00/0000
541;21014892;HOMER;SIMPSON;SEM@EMAIL.COM;0;0;00/00/0000
542;20907030;HOMER;SIMPSON;SEM@EMAIL.COM;0;0;00/00/0000
543;20980842;HONKER;MUDDLEFOOT;SEM@EMAIL.COM;0;0;00/00/0000
544;20661123;HORACE;GOODSPEED ;SEM@EMAIL.COM;0;0;00/00/0000
545;20644984;HOWARD;STERN;SEM@EMAIL.COM;0;0;00/00/0000
546;20873833;HOWLIN' WOLF;SEM NOME;SEM@EMAIL.COM;0;0;00/00/0000
547;20562797;HUGH;JACKMAN;SEM@EMAIL.COM;0;0;00/00/0000
548;21023224;HUGO;PERSONAGEM;SEM@EMAIL.COM;0;0;00/00/0000
549;20934388;HUNTER;HUNTSMAN;SEM@EMAIL.COM;0;0;00/00/0000
550;20853375;INSPETOR;WILLOUGHBY;SEM@EMAIL.COM;0;0;00/00/0000
551;20999574;JACKIE;WILSON;SEM@EMAIL.COM;0;0;00/00/0000
552;21018868;JACO;DOIS-DOIS;SEM@EMAIL.COM;0;0;00/00/0000
553;20570081;JAE;LEE ;SEM@EMAIL.COM;0;0;00/00/0000
554;20591262;JAIME;LANNISTER;SEM@EMAIL.COM;0;0;00/00/0000
555;20891101;JAMES;BROWN;SEM@EMAIL.COM;0;0;00/00/0000
556;20774371;JANIS;JOPLIN;SEM@EMAIL.COM;0;0;00/00/0000
557;20933286;JANOS;SLYNT;SEM@EMAIL.COM;0;0;00/00/0000
558;20774552;JASMINE;PERSONAGEM;SEM@EMAIL.COM;0;0;00/00/0000
559;20723088;JEBEDIAH;OBADIAH SPRINGFIELD;SEM@EMAIL.COM;0;0;00/00/0000
560;20854186;JEFF;BUCKLEY;SEM@EMAIL.COM;0;0;00/00/0000
561;20964741;JENNIFER;ANISTON;SEM@EMAIL.COM;0;0;00/00/0000
562;20804786;JENNIFER;LAWRENCE;SEM@EMAIL.COM;0;0;00/00/0000
563;20558107;JENNIFER;LOPEZ;SEM@EMAIL.COM;0;0;00/00/0000
564;20745989;JEONG;JEONG;SEM@EMAIL.COM;0;0;00/00/0000
565;20761959;JEOR;MORMONT;SEM@EMAIL.COM;0;0;00/00/0000
566;20911135;JERRY;LEE LEWIS;SEM@EMAIL.COM;0;0;00/00/0000
567;20932056;JIM;MORRISON;SEM@EMAIL.COM;0;0;00/00/0000
568;20960826;JIMBO;JONES;SEM@EMAIL.COM;0;0;00/00/0000
569;20993822;JOE;COCKER;SEM@EMAIL.COM;0;0;00/00/0000
570;20560834;JOFFREY;BARATHEON;SEM@EMAIL.COM;0;0;00/00/0000
571;20843988;JOHN;FOGERTY;SEM@EMAIL.COM;0;0;00/00/0000
572;20571016;JOHN;LEE HOOKER;SEM@EMAIL.COM;0;0;00/00/0000
573;20791169;JOHN;LENNON;SEM@EMAIL.COM;0;0;00/00/0000
574;20988241;JOHNNY;CASH;SEM@EMAIL.COM;0;0;00/00/0000
575;20855609;JOHNNY;TEST PERSONAGEM;SEM@EMAIL.COM;0;0;00/00/0000
576;20759983;JON;STEWART;SEM@EMAIL.COM;0;0;00/00/0000
577;20678183;JONI;MITCHELL;SEM@EMAIL.COM;0;0;00/00/0000
578;20522644;JORAH;MORMONT;SEM@EMAIL.COM;0;0;00/00/0000
579;20526158;JUSTIN;BIEBER;SEM@EMAIL.COM;0;0;00/00/0000
580;20642054;JUSTINE;DANCER;SEM@EMAIL.COM;0;0;00/00/0000
581;20990138;KANYE;WEST;SEM@EMAIL.COM;0;0;00/00/0000
582;20951362;KAREN;CARPENTER;SEM@EMAIL.COM;0;0;00/00/0000
583;20761310;KAREN;DEGROOT ;SEM@EMAIL.COM;0;0;00/00/0000
584;20887663;KATY;PERRY;SEM@EMAIL.COM;0;0;00/00/0000
585;20639422;KEN;BONECO;SEM@EMAIL.COM;0;0;00/00/0000
586;20852566;KENNY;CHESNEY;SEM@EMAIL.COM;0;0;00/00/0000
587;20996451;KESSIE;SEM NOME;SEM@EMAIL.COM;0;0;00/00/0000
588;20971753;KEVAN;LANNISTER;SEM@EMAIL.COM;0;0;00/00/0000
589;20056222;KEVIN;HART;SEM@EMAIL.COM;0;0;00/00/0000
590;20096779;KIM;KARDASHIAN;SEM@EMAIL.COM;0;0;00/00/0000
591;20731361;KING;K. ROOL;SEM@EMAIL.COM;0;0;00/00/0000
592;20987122;KOKO;MAX FLEISCHER;SEM@EMAIL.COM;0;0;00/00/0000
593;20787294;KURT;COBAIN;SEM@EMAIL.COM;0;0;00/00/0000
594;21001241;LADY;GAGA;SEM@EMAIL.COM;0;0;00/00/0000
595;20680814;LEBRON;JAMES;SEM@EMAIL.COM;0;0;00/00/0000
596;20885877;LEVON;HELM;SEM@EMAIL.COM;0;0;00/00/0000
597;20193712;LIONEL;MESSI;SEM@EMAIL.COM;0;0;00/00/0000
598;20987301;LITTLE;RICHARD;SEM@EMAIL.COM;0;0;00/00/0000
599;20986019;LIZZIE;HEARTS;SEM@EMAIL.COM;0;0;00/00/0000
600;20771354;LOBO;MAU;SEM@EMAIL.COM;0;0;00/00/0000
601;20951134;LORDE;BORK;SEM@EMAIL.COM;0;0;00/00/0000
602;20993451;LOU;REED;SEM@EMAIL.COM;0;0;00/00/0000
603;20907362;LOUIS;C K;SEM@EMAIL.COM;0;0;00/00/0000
604;20700650;LUPINA;SEM NOME;SEM@EMAIL.COM;0;0;00/00/0000
605;20290857;MADBALLS;SEM NOME;SEM@EMAIL.COM;0;0;00/00/0000
606;20477824;MADELINE;HATTER;SEM@EMAIL.COM;0;0;00/00/0000
607;21022490;MADELINE;MURPHY;SEM@EMAIL.COM;0;0;00/00/0000
608;20652260;MADONNA;SEM NOME;SEM@EMAIL.COM;0;0;00/00/0000
609;20474891;MAGALI;SEM NOME;SEM@EMAIL.COM;0;0;00/00/0000
610;20961613;MAGGIE;SIMPSON;SEM@EMAIL.COM;0;0;00/00/0000
611;20652060;MAGGIE;SIMPSON;SEM@EMAIL.COM;0;0;00/00/0000
612;20668412;MAI;AVATAR: THE LAST AIRBENDER;SEM@EMAIL.COM;0;0;00/00/0000
613;20574016;MALIBU;STACY OS SIMPSONS;SEM@EMAIL.COM;0;0;00/00/0000
614;4108001;MALIGNA;MASTERS OF THE UNIVERSE;SEM@EMAIL.COM;0;0;00/00/0000
615;20885672;MANNY;PACQUIAO;SEM@EMAIL.COM;0;0;00/00/0000
616;20846063;MARGE;SIMPSON;SEM@EMAIL.COM;0;0;00/00/0000
617;20635086;MARIA;SHARAPOVA;SEM@EMAIL.COM;0;0;00/00/0000
618;20876142;MARIAH;CAREY;SEM@EMAIL.COM;0;0;00/00/0000
619;21022839;MARIETA;EDGECOMBE ;SEM@EMAIL.COM;0;0;00/00/0000
620;20696992;MARIO;PERSONAGEM;SEM@EMAIL.COM;0;0;00/00/0000
621;20555454;MARK;BURNETT THE BIBLE;SEM@EMAIL.COM;0;0;00/00/0000
622;20983581;MARK;WAHLBERG;SEM@EMAIL.COM;0;0;00/00/0000
623;20892200;MARLENE;MCKINNON ;SEM@EMAIL.COM;0;0;00/00/0000
624;20942035;MARTIN;KEAMY ;SEM@EMAIL.COM;0;0;00/00/0000
625;21003863;MARTIN;PRINCE;SEM@EMAIL.COM;0;0;00/00/0000
626;20751761;MARVIN;GAYE;SEM@EMAIL.COM;0;0;00/00/0000
627;20950664;MARVIN;MONROE;SEM@EMAIL.COM;0;0;00/00/0000
628;20755767;MARVIN; O MARCIANO;SEM@EMAIL.COM;0;0;00/00/0000
629;20981536;MARY;J. BLIGE;SEM@EMAIL.COM;0;0;00/00/0000
630;20517433;MASSARO;MAURICIO DE SOUSA;SEM@EMAIL.COM;0;0;00/00/0000
631;20774545;MATTHEW;ABADDON ;SEM@EMAIL.COM;0;0;00/00/0000
632;20655654;MAVIS;STAPLES;SEM@EMAIL.COM;0;0;00/00/0000
633;20856178;MEANY;RANHETA;SEM@EMAIL.COM;0;0;00/00/0000
634;20876707;MEGA;MAN ;SEM@EMAIL.COM;0;0;00/00/0000
635;20665197;MEISTRE;AEMON;SEM@EMAIL.COM;0;0;00/00/0000
636;21012530;MELISSA;MCCARTHY;SEM@EMAIL.COM;0;0;00/00/0000
637;20257443;MENTOR;MASTERS OF THE UNIVERSE;SEM@EMAIL.COM;0;0;00/00/0000
638;21018259;MERLE;HAGGARD;SEM@EMAIL.COM;0;0;00/00/0000
639;20929886;MERYL;STREEP;SEM@EMAIL.COM;0;0;00/00/0000
640;20827834;MICHAEL;BAY;SEM@EMAIL.COM;0;0;00/00/0000
641;20712853;MICHAEL;DAMICO;SEM@EMAIL.COM;0;0;00/00/0000
642;20984676;MICHAEL;JACKSON;SEM@EMAIL.COM;0;0;00/00/0000
643;20956615;MICK;JAGGER;SEM@EMAIL.COM;0;0;00/00/0000
644;20308781;MISS;PRISSY;SEM@EMAIL.COM;0;0;00/00/0000
645;20977158;MISTER;B;SEM@EMAIL.COM;0;0;00/00/0000
646;20470095;MITHU;SEM NOME;SEM@EMAIL.COM;0;0;00/00/0000
647;20869608;MIYAMOTO;USAGI;SEM@EMAIL.COM;0;0;00/00/0000
648;20537169;MOE;SZYSLAK;SEM@EMAIL.COM;0;0;00/00/0000
649;20881321;MONA;SIMPSON;SEM@EMAIL.COM;0;0;00/00/0000
650;20909372;MONICA;SEM NOME;SEM@EMAIL.COM;0;0;00/00/0000
651;20857069;MONSIEUR;DELACOUR ;SEM@EMAIL.COM;0;0;00/00/0000
652;20772953;MONTGOMERY;BURNS;SEM@EMAIL.COM;0;0;00/00/0000
653;20514382;MORRISSEY;SEM NOME;SEM@EMAIL.COM;0;0;00/00/0000
654;20866055;MUDDY;WATERS;SEM@EMAIL.COM;0;0;00/00/0000
655;21004753;MULCIBER;SEM NOME;SEM@EMAIL.COM;0;0;00/00/0000
656;20912763;MULHER;GORDA ;SEM@EMAIL.COM;0;0;00/00/0000
657;20987885;MURPHY;GENGIVAS SANGRENTAS;SEM@EMAIL.COM;0;0;00/00/0000
658;20902720;MUTTLEY;SEM NOME;SEM@EMAIL.COM;0;0;00/00/0000
659;20429899;MY;MELODY;SEM@EMAIL.COM;0;0;00/00/0000
660;10191026;MYRCELLA;BARATHEON;SEM@EMAIL.COM;0;0;00/00/0000
661;21010098;NANA;PALITO;SEM@EMAIL.COM;0;0;00/00/0000
662;20528332;NANCY;SEM NOME;SEM@EMAIL.COM;0;0;00/00/0000
663;20954055;NAOMI;DORRIT ;SEM@EMAIL.COM;0;0;00/00/0000
664;20933332;NARCISA;BLACK MALFOY ;SEM@EMAIL.COM;0;0;00/00/0000
665;20934385;NEGI;SPRINGFIELD;SEM@EMAIL.COM;0;0;00/00/0000
666;20871626;NEIL;PATRICK HARRIS;SEM@EMAIL.COM;0;0;00/00/0000
667;20354826;NEIL;YOUNG;SEM@EMAIL.COM;0;0;00/00/0000
668;20999523;NIGEL;WOLPERT ;SEM@EMAIL.COM;0;0;00/00/0000
669;20963613;NINA;SIMONE;SEM@EMAIL.COM;0;0;00/00/0000
670;20565270;OFFICER;DIBBLE;SEM@EMAIL.COM;0;0;00/00/0000
671;20230718;OGG;SEM NOME;SEM@EMAIL.COM;0;0;00/00/0000
672;20866893;OLIMPIA;MAXIME ;SEM@EMAIL.COM;0;0;00/00/0000
673;20937494;OLIVIA;HORNBY ;SEM@EMAIL.COM;0;0;00/00/0000
674;20733091;OPRAH;WINFREY;SEM@EMAIL.COM;0;0;00/00/0000
675;21010832;OS;GOONS;SEM@EMAIL.COM;0;0;00/00/0000
676;20717393;OSWALD;THE LUCKY RABBIT;SEM@EMAIL.COM;0;0;00/00/0000
677;20324578;OTIS;REDDING;SEM@EMAIL.COM;0;0;00/00/0000
678;20546658;OTTO;ROCKET;SEM@EMAIL.COM;0;0;00/00/0000
679;20608551;PAC-MAN ;SEM NOME;SEM@EMAIL.COM;0;0;00/00/0000
680;20203141;PAPAI;SMURF;SEM@EMAIL.COM;0;0;00/00/0000
681;20845287;PATO;DONALD;SEM@EMAIL.COM;0;0;00/00/0000
682;20983695;PATSY;CLINE;SEM@EMAIL.COM;0;0;00/00/0000
683;20314392;PATTI;LABELLE;SEM@EMAIL.COM;0;0;00/00/0000
684;20853812;PATTI;SMITH;SEM@EMAIL.COM;0;0;00/00/0000
685;20925146;PAUL;MCCARTNEY;SEM@EMAIL.COM;0;0;00/00/0000
686;20618148;PAUL;RODGERS;SEM@EMAIL.COM;0;0;00/00/0000
687;20906228;PENELOPE;PITSTOP;SEM@EMAIL.COM;0;0;00/00/0000
688;20758760;PEPPER;ANN;SEM@EMAIL.COM;0;0;00/00/0000
689;20978253;PERNINHA;E LILICA;SEM@EMAIL.COM;0;0;00/00/0000
690;20224226;PETER;JACKSON;SEM@EMAIL.COM;0;0;00/00/0000
691;20467662;PETER;POTAMUS;SEM@EMAIL.COM;0;0;00/00/0000
692;20951129;PETYR;BAELISH;SEM@EMAIL.COM;0;0;00/00/0000
693;20704233;PIERRE;CHANG ;SEM@EMAIL.COM;0;0;00/00/0000
694;20442184;PINK;PANTHER;SEM@EMAIL.COM;0;0;00/00/0000
695;20500007;PLUCKY;DUCK;SEM@EMAIL.COM;0;0;00/00/0000
696;20440787;POCAHONTAS;SEM NOME;SEM@EMAIL.COM;0;0;00/00/0000
697;20653995;POPEYE;SEM NOME;SEM@EMAIL.COM;0;0;00/00/0000
698;20953991;PORKY;PIG;SEM@EMAIL.COM;0;0;00/00/0000
699;20653610;PORPENTINA;SCAMANDER ;SEM@EMAIL.COM;0;0;00/00/0000
700;20568035;PRINCE;SEM NOME;SEM@EMAIL.COM;0;0;00/00/0000
701;20980951;PUCCA;SEM NOME;SEM@EMAIL.COM;0;0;00/00/0000
702;20454163;PURO;OSSO;SEM@EMAIL.COM;0;0;00/00/0000
703;20723369;RACHAEL;RAY;SEM@EMAIL.COM;0;0;00/00/0000
704;20667541;RAY;ROMANO;SEM@EMAIL.COM;0;0;00/00/0000
705;20604501;REGULUS;BLACK ;SEM@EMAIL.COM;0;0;00/00/0000
706;20684091;REPTIL;MARVEL COMICS;SEM@EMAIL.COM;0;0;00/00/0000
707;20370923;RICOCHET;RABBIT & DROOP-A-LONG;SEM@EMAIL.COM;0;0;00/00/0000
708;20756218;RIHANNA;SEM NOME;SEM@EMAIL.COM;0;0;00/00/0000
709;20548782;ROBB;STARK;SEM@EMAIL.COM;0;0;00/00/0000
710;20876993;ROBERT;BARATHEON;SEM@EMAIL.COM;0;0;00/00/0000
711;20883036;ROBERT;DOWNEY JR;SEM@EMAIL.COM;0;0;00/00/0000
712;20799430;ROBERT;PLANT;SEM@EMAIL.COM;0;0;00/00/0000
713;20886674;ROD;STEWART;SEM@EMAIL.COM;0;0;00/00/0000
714;20680332;RODRIK;CASSEL;SEM@EMAIL.COM;0;0;00/00/0000
715;20621695;ROGER;DALTREY;SEM@EMAIL.COM;0;0;00/00/0000
716;21015814;ROGER;FEDERER;SEM@EMAIL.COM;0;0;00/00/0000
717;20242313;ROGER;LINUS ;SEM@EMAIL.COM;0;0;00/00/0000
718;20656776;RONNIE;SPECTOR;SEM@EMAIL.COM;0;0;00/00/0000
719;20993727;ROQUE-ROQUE;SEM NOME;SEM@EMAIL.COM;0;0;00/00/0000
720;20879993;ROSLIN;FREY;SEM@EMAIL.COM;0;0;00/00/0000
721;20644714;ROY;ORBISON;SEM@EMAIL.COM;0;0;00/00/0000
722;20881692;RUBEO;HAGRID ;SEM@EMAIL.COM;0;0;00/00/0000
723;20880490;RUFUS;SCRIMGEOUR ;SEM@EMAIL.COM;0;0;00/00/0000
724;20912596;RUSH;LIMBAUGH;SEM@EMAIL.COM;0;0;00/00/0000
725;20870558;RYAN;SEACREST;SEM@EMAIL.COM;0;0;00/00/0000
726;20532946;SAM;COOKE;SEM@EMAIL.COM;0;0;00/00/0000
727;20930662;SAM;MOORE;SEM@EMAIL.COM;0;0;00/00/0000
728;20630918;SAMWELL;TARLY;SEM@EMAIL.COM;0;0;00/00/0000
729;20955490;SANDOR;CLEGANE;SEM@EMAIL.COM;0;0;00/00/0000
730;20448965;SANSA;STARK;SEM@EMAIL.COM;0;0;00/00/0000
731;20990527;SARAH;SHEPHARD ;SEM@EMAIL.COM;0;0;00/00/0000
732;20919877;SEAN;HANNITY;SEM@EMAIL.COM;0;0;00/00/0000
733;20420010;SEYMOUR;SKINNER;SEM@EMAIL.COM;0;0;00/00/0000
734;21005423;TIAGO;GUIDO;SEM@EMAIL.COM;0;0;00/00/0000
735;20917394;SHELBYVILLE;MANHATTAN;SEM@EMAIL.COM;0;0;00/00/0000
736;20602854;SHERRI;E TERRI;SEM@EMAIL.COM;0;0;00/00/0000
737;20527538;SIDESHOW;BOB;SEM@EMAIL.COM;0;0;00/00/0000
738;20798742;SIDESHOW;MEL;SEM@EMAIL.COM;0;0;00/00/0000
739;20850860;SIMON;COWELL;SEM@EMAIL.COM;0;0;00/00/0000
740;20778802;SLY;STONE;SEM@EMAIL.COM;0;0;00/00/0000
741;20866590;SMOKEY;ROBINSON;SEM@EMAIL.COM;0;0;00/00/0000
742;20995678;SNAKE;JAILBIRD;SEM@EMAIL.COM;0;0;00/00/0000
743;20747088;SOFIA;VERGARA;SEM@EMAIL.COM;0;0;00/00/0000
744;20778076;SOLOMON;BURKE;SEM@EMAIL.COM;0;0;00/00/0000
745;20875255;STEPHEN;KING;SEM@EMAIL.COM;0;0;00/00/0000
746;20760107;STEVEN;SPIELBERG;SEM@EMAIL.COM;0;0;00/00/0000
747;20537088;STEVEN;TYLER;SEM@EMAIL.COM;0;0;00/00/0000
748;20731465;STEVIE;NICKS;SEM@EMAIL.COM;0;0;00/00/0000
749;20883468;STEVIE;WONDER;SEM@EMAIL.COM;0;0;00/00/0000
750;20763844;STUART;RADZINSKY ;SEM@EMAIL.COM;0;0;00/00/0000
751;20712233;SUZANNE;COLLINS;SEM@EMAIL.COM;0;0;00/00/0000
752;21026648;SYRIO;FOREL;SEM@EMAIL.COM;0;0;00/00/0000
753;20744719;TAYLOR;SWIFT;SEM@EMAIL.COM;0;0;00/00/0000
754;21007163;THE;MAXX;SEM@EMAIL.COM;0;0;00/00/0000
755;20518967;THEODORE;NOTT ;SEM@EMAIL.COM;0;0;00/00/0000
756;20649347;THEON;GREYJOY;SEM@EMAIL.COM;0;0;00/00/0000
757;20614472;THOM;YORKE;SEM@EMAIL.COM;0;0;00/00/0000
758;20886283;TIGER;WOODS;SEM@EMAIL.COM;0;0;00/00/0000
759;20994252;TIKARA;SEM NOME;SEM@EMAIL.COM;0;0;00/00/0000
760;20872376;TINA;FEY 30 ROCK;SEM@EMAIL.COM;0;0;00/00/0000
761;20754667;TINA;TURNER;SEM@EMAIL.COM;0;0;00/00/0000
762;20737322;TOBIAS;SNAPE E EILEEN PRINCE ;SEM@EMAIL.COM;0;0;00/00/0000
763;20778218;TOBY;KEITH;SEM@EMAIL.COM;0;0;00/00/0000
764;20624841;TOM;BRADY;SEM@EMAIL.COM;0;0;00/00/0000
765;20367378;TOM;CRUISE;SEM@EMAIL.COM;0;0;00/00/0000
766;20828084;TOM;WAITS;SEM@EMAIL.COM;0;0;00/00/0000
767;20752411;TOMMEN;BARATHEON;SEM@EMAIL.COM;0;0;00/00/0000
768;20419510;TOOTS;HIBBERT;SEM@EMAIL.COM;0;0;00/00/0000
769;20730403;TORTA;QUENTE;SEM@EMAIL.COM;0;0;00/00/0000
770;20709988;TURMA;DO BERMUDAO;SEM@EMAIL.COM;0;0;00/00/0000
771;20881991;TWEETY;SEM NOME;SEM@EMAIL.COM;0;0;00/00/0000
772;20891336;TYLER;PERRY;SEM@EMAIL.COM;0;0;00/00/0000
773;20552167;TYRION;LANNISTER;SEM@EMAIL.COM;0;0;00/00/0000
774;20628077;TYWIN;LANNISTER;SEM@EMAIL.COM;0;0;00/00/0000
775;20615382;USAIN;BOLT;SEM@EMAIL.COM;0;0;00/00/0000
776;20661751;VARYS;SEM NOME;SEM@EMAIL.COM;0;0;00/00/0000
777;20984511;WALDEN;MACNAIR ;SEM@EMAIL.COM;0;0;00/00/0000
778;20460377;WALDER;FREY;SEM@EMAIL.COM;0;0;00/00/0000
779;20761997;WAYMAR;ROYCE;SEM@EMAIL.COM;0;0;00/00/0000
780;20637415;WHITNEY;HOUSTON;SEM@EMAIL.COM;0;0;00/00/0000
781;20743623;WILL;SMITH;SEM@EMAIL.COM;0;0;00/00/0000
782;20681493;WILLIE;NELSON;SEM@EMAIL.COM;0;0;00/00/0000
783;20974516;WILSON;PICKETT;SEM@EMAIL.COM;0;0;00/00/0000
784;20910982;YEMI;SEM NOME;SEM@EMAIL.COM;0;0;00/00/0000
785;20979427;ZE;JACARE;SEM@EMAIL.COM;0;0;00/00/0000
786;20976644;ZOOEY;DESCHANEL;SEM@EMAIL.COM;0;0;00/00/0000
787;20951855;AERROW;SEM NOME;SEM@EMAIL.COM;0;0;00/00/0000
788;20628901;AJUDANTE;DE PAPAI NOEL;SEM@EMAIL.COM;0;0;00/00/0000
789;20843993;AL;GREEN;SEM@EMAIL.COM;0;0;00/00/0000
790;20755671;ALASTOR;MOODY ;SEM@EMAIL.COM;0;0;00/00/0000
791;21027986;ALICIA;SPINNET;SEM@EMAIL.COM;0;0;00/00/0000
792;20977374;ANGELINA;JOHNSON WEASLEY ;SEM@EMAIL.COM;0;0;00/00/0000
793;21009385;ANNIE;LENNOX;SEM@EMAIL.COM;0;0;00/00/0000
794;20871714;APPLE;WHITE;SEM@EMAIL.COM;0;0;00/00/0000
795;20876313;APRIL;ONEIL;SEM@EMAIL.COM;0;0;00/00/0000
796;20352167;ARABELLA;DORA FIGG ;SEM@EMAIL.COM;0;0;00/00/0000
797;20872960;ARIEL;SEM NOME;SEM@EMAIL.COM;0;0;00/00/0000
798;20761390;ASHLYNN;ELLA;SEM@EMAIL.COM;0;0;00/00/0000
799;20760846;ASTORIA;GREENGRASS ;SEM@EMAIL.COM;0;0;00/00/0000
800;20989378;AXL;ROSE;SEM@EMAIL.COM;0;0;00/00/0000
801;21041283;B.B. KING;SEM NOME;SEM@EMAIL.COM;0;0;00/00/0000
802;21009648;BART;SIMPSON;SEM@EMAIL.COM;0;0;00/00/0000
803;20933365;BENJEN;STARK;SEM@EMAIL.COM;0;0;00/00/0000
804;21022344;BIMBO;SEM NOME;SEM@EMAIL.COM;0;0;00/00/0000
805;20948293;BISONHO;SEM NOME;SEM@EMAIL.COM;0;0;00/00/0000
806;20955910;BRANCA;DE NEVE DISNEY;SEM@EMAIL.COM;0;0;00/00/0000
807;20699796;BRIAN;WILSON;SEM@EMAIL.COM;0;0;00/00/0000
808;20823155;BRUTO;MALFOY ;SEM@EMAIL.COM;0;0;00/00/0000
809;20897970;CARIDADE;BURBAGE ;SEM@EMAIL.COM;0;0;00/00/0000
810;20874170;CARL;CARLSON;SEM@EMAIL.COM;0;0;00/00/0000
811;20718683;CASSIDY;PHILLIPS ;SEM@EMAIL.COM;0;0;00/00/0000
812;20781288;CASTOR;PALITO;SEM@EMAIL.COM;0;0;00/00/0000
813;20960550;CHRISTIAN;SHEPHARD ;SEM@EMAIL.COM;0;0;00/00/0000
814;20955361;CLANCY;WIGGUM;SEM@EMAIL.COM;0;0;00/00/0000
815;20935808;COMIC;BOOK GUY;SEM@EMAIL.COM;0;0;00/00/0000
816;21019287;CORNELIUS;FUDGE ;SEM@EMAIL.COM;0;0;00/00/0000
817;20943431;CYGNUS;BLACK ;SEM@EMAIL.COM;0;0;00/00/0000
818;20758902;CYRUS;SIMPSON;SEM@EMAIL.COM;0;0;00/00/0000
819;20885229;DAFFY;DUCK;SEM@EMAIL.COM;0;0;00/00/0000
820;20747350;DARBY;URSINHO POOH;SEM@EMAIL.COM;0;0;00/00/0000
821;20912563;DAVID;GUETTA;SEM@EMAIL.COM;0;0;00/00/0000
822;20738117;DEMELZA;ROBINS ;SEM@EMAIL.COM;0;0;00/00/0000
823;20984496;DENNIS;CREEVEY ;SEM@EMAIL.COM;0;0;00/00/0000
824;20920397;DICK;DASTARDLY;SEM@EMAIL.COM;0;0;00/00/0000
825;20902917;DOLLY;PARTON;SEM@EMAIL.COM;0;0;00/00/0000
826;20643477;DR;DRE;SEM@EMAIL.COM;0;0;00/00/0000
827;21050876;DR. JULIUS HIBBERT;SEM NOME;SEM@EMAIL.COM;0;0;00/00/0000
828;20867554;DR. NICK RIVIERA;SEM NOME;SEM@EMAIL.COM;0;0;00/00/0000
829;20941508;DREW;BREES;SEM@EMAIL.COM;0;0;00/00/0000
830;21033062;DUKEY;SEM NOME;SEM@EMAIL.COM;0;0;00/00/0000
831;20767228;DUQUESA;SWAN;SEM@EMAIL.COM;0;0;00/00/0000
832;21027080;DUSTY;SPRINGFIELD;SEM@EMAIL.COM;0;0;00/00/0000
833;20763799;EDWARD;MARS ;SEM@EMAIL.COM;0;0;00/00/0000
834;20728744;ELLEN;DEGENERES;SEM@EMAIL.COM;0;0;00/00/0000
835;20848121;ELTON;JOHN;SEM@EMAIL.COM;0;0;00/00/0000
836;20747749;ERNESTO;MACMILLAN ;SEM@EMAIL.COM;0;0;00/00/0000
837;20996398;ESMERALDA;PERSONAGEM DA DISNEY;SEM@EMAIL.COM;0;0;00/00/0000
838;20699695;ESPETO;MANDA-CHUVA;SEM@EMAIL.COM;0;0;00/00/0000
839;21002519;ETTA;JAMES;SEM@EMAIL.COM;0;0;00/00/0000
840;20969625;FO; O ELFO;SEM@EMAIL.COM;0;0;00/00/0000
841;20969513;FRANKIE;VALLI;SEM@EMAIL.COM;0;0;00/00/0000
842;20745278;FREDDIE;MERCURY;SEM@EMAIL.COM;0;0;00/00/0000
843;21024608;FUDENCIO;SEM NOME;SEM@EMAIL.COM;0;0;00/00/0000
844;21034194;GISELE;BUNDCHEN;SEM@EMAIL.COM;0;0;00/00/0000
845;20913405;GLADYS;KNIGHT;SEM@EMAIL.COM;0;0;00/00/0000
846;21005402;GRANNY;LOONEY TUNES;SEM@EMAIL.COM;0;0;00/00/0000
847;20646005;GUGU;PERSONAGEM;SEM@EMAIL.COM;0;0;00/00/0000
848;20918182;GURU;URSINHO PUFF;SEM@EMAIL.COM;0;0;00/00/0000
849;20935142;HANS;MOLEMAN;SEM@EMAIL.COM;0;0;00/00/0000
850;20668141;HECKLE;AND JECKLE;SEM@EMAIL.COM;0;0;00/00/0000
851;20805744;HE-MAN;SEM NOME;SEM@EMAIL.COM;0;0;00/00/0000
852;20873833;HOWLIN' WOLF;SEM NOME;SEM@EMAIL.COM;0;0;00/00/0000
853;20853375;INSPETOR;WILLOUGHBY;SEM@EMAIL.COM;0;0;00/00/0000
854;21018868;JACO;DOIS-DOIS;SEM@EMAIL.COM;0;0;00/00/0000
855;20933286;JANOS;SLYNT;SEM@EMAIL.COM;0;0;00/00/0000
856;20774552;JASMINE;PERSONAGEM;SEM@EMAIL.COM;0;0;00/00/0000
857;20854186;JEFF;BUCKLEY;SEM@EMAIL.COM;0;0;00/00/0000
858;20936110;JERRY;SEINFELD;SEM@EMAIL.COM;0;0;00/00/0000
859;20960826;JIMBO;JONES;SEM@EMAIL.COM;0;0;00/00/0000
860;20993822;JOE;COCKER;SEM@EMAIL.COM;0;0;00/00/0000
861;20843988;JOHN;FOGERTY;SEM@EMAIL.COM;0;0;00/00/0000
862;20855609;JOHNNY;TEST PERSONAGEM;SEM@EMAIL.COM;0;0;00/00/0000
863;20759983;JON;STEWART;SEM@EMAIL.COM;0;0;00/00/0000
864;20678183;JONI;MITCHELL;SEM@EMAIL.COM;0;0;00/00/0000
865;20987122;KOKO;MAX FLEISCHER;SEM@EMAIL.COM;0;0;00/00/0000
866;21053189;KRISTEN;STEWART;SEM@EMAIL.COM;0;0;00/00/0000
867;21001241;LADY;GAGA;SEM@EMAIL.COM;0;0;00/00/0000
868;21022490;MADELINE;MURPHY;SEM@EMAIL.COM;0;0;00/00/0000
869;20846063;MARGE;SIMPSON;SEM@EMAIL.COM;0;0;00/00/0000
870;21003863;MARTIN;PRINCE;SEM@EMAIL.COM;0;0;00/00/0000
871;20950664;MARVIN;MONROE;SEM@EMAIL.COM;0;0;00/00/0000
872;20981536;MARY;J. BLIGE;SEM@EMAIL.COM;0;0;00/00/0000
873;20517433;MASSARO;MAURICIO DE SOUSA;SEM@EMAIL.COM;0;0;00/00/0000
874;20774545;MATTHEW;ABADDON ;SEM@EMAIL.COM;0;0;00/00/0000
875;20876707;MEGA;MAN ;SEM@EMAIL.COM;0;0;00/00/0000
876;20743222;MELINDA;BOBBIN ;SEM@EMAIL.COM;0;0;00/00/0000
877;20827834;MICHAEL;BAY;SEM@EMAIL.COM;0;0;00/00/0000
878;20956615;MICK;JAGGER;SEM@EMAIL.COM;0;0;00/00/0000
879;21042591;MILA;KUNIS;SEM@EMAIL.COM;0;0;00/00/0000
880;21036788;MIRANDA;KERR;SEM@EMAIL.COM;0;0;00/00/0000
881;20308781;MISS;PRISSY;SEM@EMAIL.COM;0;0;00/00/0000
882;20869608;MIYAMOTO;USAGI;SEM@EMAIL.COM;0;0;00/00/0000
883;20881321;MONA;SIMPSON;SEM@EMAIL.COM;0;0;00/00/0000
884;20909372;MONICA;SEM NOME;SEM@EMAIL.COM;0;0;00/00/0000
885;20684224;MONTAGUE;SEM NOME;SEM@EMAIL.COM;0;0;00/00/0000
886;20772953;MONTGOMERY;BURNS;SEM@EMAIL.COM;0;0;00/00/0000
887;21044244;MR. MAGOO;SEM NOME;SEM@EMAIL.COM;0;0;00/00/0000
888;20944953;MULHER-MARAVILHA;SEM NOME;SEM@EMAIL.COM;0;0;00/00/0000
889;20954055;NAOMI;DORRIT ;SEM@EMAIL.COM;0;0;00/00/0000
890;20933332;NARCISA;BLACK MALFOY ;SEM@EMAIL.COM;0;0;00/00/0000
891;20934385;NEGI;SPRINGFIELD;SEM@EMAIL.COM;0;0;00/00/0000
892;20866893;OLIMPIA;MAXIME ;SEM@EMAIL.COM;0;0;00/00/0000
893;20937494;OLIVIA;HORNBY ;SEM@EMAIL.COM;0;0;00/00/0000
894;20983695;PATSY;CLINE;SEM@EMAIL.COM;0;0;00/00/0000
895;20666781;PETUNIA;EVANS DURSLEY ;SEM@EMAIL.COM;0;0;00/00/0000
896;20953991;PORKY;PIG;SEM@EMAIL.COM;0;0;00/00/0000
897;20653610;PORPENTINA;SCAMANDER ;SEM@EMAIL.COM;0;0;00/00/0000
898;20575274;RAY;CHARLES;SEM@EMAIL.COM;0;0;00/00/0000
899;20530684;RIGBY;REGULAR SHOW;SEM@EMAIL.COM;0;0;00/00/0000
900;20876993;ROBERT;BARATHEON;SEM@EMAIL.COM;0;0;00/00/0000
901;20680332;RODRIK;CASSEL;SEM@EMAIL.COM;0;0;00/00/0000
902;20656776;RONNIE;SPECTOR;SEM@EMAIL.COM;0;0;00/00/0000
903;20990527;SARAH;SHEPHARD ;SEM@EMAIL.COM;0;0;00/00/0000
904;20919877;SEAN;HANNITY;SEM@EMAIL.COM;0;0;00/00/0000
905;20029527;SETH;MACFARLANE;SEM@EMAIL.COM;0;0;00/00/0000
906;20850860;SIMON;COWELL;SEM@EMAIL.COM;0;0;00/00/0000
907;20778076;SOLOMON;BURKE;SEM@EMAIL.COM;0;0;00/00/0000
908;20875255;STEPHEN;KING;SEM@EMAIL.COM;0;0;00/00/0000
909;20537088;STEVEN;TYLER;SEM@EMAIL.COM;0;0;00/00/0000
910;21052969;STEWIE;GRIFFIN;SEM@EMAIL.COM;0;0;00/00/0000
911;20763844;STUART;RADZINSKY ;SEM@EMAIL.COM;0;0;00/00/0000
912;20712233;SUZANNE;COLLINS;SEM@EMAIL.COM;0;0;00/00/0000
913;20649347;THEON;GREYJOY;SEM@EMAIL.COM;0;0;00/00/0000
914;20886283;TIGER;WOODS;SEM@EMAIL.COM;0;0;00/00/0000
915;20994252;TIKARA;SEM NOME;SEM@EMAIL.COM;0;0;00/00/0000
916;21031579;TILDEN;TOOTS ;SEM@EMAIL.COM;0;0;00/00/0000
917;20872376;TINA;FEY 30 ROCK;SEM@EMAIL.COM;0;0;00/00/0000
918;20778218;TOBY;KEITH;SEM@EMAIL.COM;0;0;00/00/0000
919;20828084;TOM;WAITS;SEM@EMAIL.COM;0;0;00/00/0000
920;20730403;TORTA;QUENTE;SEM@EMAIL.COM;0;0;00/00/0000
921;20891336;TYLER;PERRY;SEM@EMAIL.COM;0;0;00/00/0000
922;20974516;WILSON;PICKETT;SEM@EMAIL.COM;0;0;00/00/0000
923;20759621;HOLDOR;SEM NOME;SEM@EMAIL.COM;0;0;00/00/0000
924;20499872;BRAN;SEM NOME;SEM@EMAIL.COM;0;0;00/00/0000
925;20885720;ALFINHO;SEM NOME;SEM@EMAIL.COM;0;0;00/00/0000
926;20553615;ALICE;LONGBOTTOM ;SEM@EMAIL.COM;0;0;00/00/0000
927;20694781;ALLISON;TAYLOR THE SIMPSONS;SEM@EMAIL.COM;0;0;00/00/0000
928;21040830;AMELIA;BONES;SEM@EMAIL.COM;0;0;00/00/0000
929;20743005;AMY;POEHLER;SEM@EMAIL.COM;0;0;00/00/0000
930;20699549;ANDROMEDA;BLACK TONKS ;SEM@EMAIL.COM;0;0;00/00/0000
931;20657496;ANTHONY;GOLDSTEIN ;SEM@EMAIL.COM;0;0;00/00/0000
932;20593506;ARETHA;FRANKLIN;SEM@EMAIL.COM;0;0;00/00/0000
933;20675463;ARGO;FILCH ;SEM@EMAIL.COM;0;0;00/00/0000
934;20710838;ART;GARFUNKEL;SEM@EMAIL.COM;0;0;00/00/0000
935;20944001;ASHTON;KUTCHER;SEM@EMAIL.COM;0;0;00/00/0000
936;20752971;AUGUSTUS;ROOKWOOD ;SEM@EMAIL.COM;0;0;00/00/0000
937;21013268;AURORA;DISNEY;SEM@EMAIL.COM;0;0;00/00/0000
938;20744029;AVERY;LESTRANGE ;SEM@EMAIL.COM;0;0;00/00/0000
939;20826888;BABAR;SEM NOME;SEM@EMAIL.COM;0;0;00/00/0000
940;21038199;BAMBAM;RUBBLE;SEM@EMAIL.COM;0;0;00/00/0000
941;20950889;BARNEY;GOOGLE E SNUFFY SMITH;SEM@EMAIL.COM;0;0;00/00/0000
942;20726379;BARNEY;RUBBLE;SEM@EMAIL.COM;0;0;00/00/0000
943;20912838;BARTOLOMEU;CROUCH ;SEM@EMAIL.COM;0;0;00/00/0000
944;20730276;BARTOLOMEU;CROUCH JR. ;SEM@EMAIL.COM;0;0;00/00/0000
945;20683246;BATATINHA;MANDA-CHUVA;SEM@EMAIL.COM;0;0;00/00/0000
946;20648159;BATMAN;SEM NOME;SEM@EMAIL.COM;0;0;00/00/0000
947;20720524;BELA;SEM NOME;SEM@EMAIL.COM;0;0;00/00/0000
948;20905364;BERIC;DONDARRION;SEM@EMAIL.COM;0;0;00/00/0000
949;20938989;BEYONCE;KNOWLES;SEM@EMAIL.COM;0;0;00/00/0000
950;21007438;BJORK;SEM NOME;SEM@EMAIL.COM;0;0;00/00/0000
951;21048231;BOB;MARLEY;SEM@EMAIL.COM;0;0;00/00/0000
952;20553630;BOBBY;BLUE BLAND;SEM@EMAIL.COM;0;0;00/00/0000
953;20906283;BOLA;DE NEVE OS SIMPSONS;SEM@EMAIL.COM;0;0;00/00/0000
954;20766352;BON;JOVI;SEM@EMAIL.COM;0;0;00/00/0000
955;20856037;BONO;SEM NOME;SEM@EMAIL.COM;0;0;00/00/0000
956;21044404;BRENDINE;SPUCKLER;SEM@EMAIL.COM;0;0;00/00/0000
957;20675223;BRIAN;GRIFFIN;SEM@EMAIL.COM;0;0;00/00/0000
958;20714785;BROTHER;BEAR;SEM@EMAIL.COM;0;0;00/00/0000
959;21049259;BROTHER;BEAR 2;SEM@EMAIL.COM;0;0;00/00/0000
960;21029867;BRUCE;SPRINGSTEEN;SEM@EMAIL.COM;0;0;00/00/0000
961;20986603;BUDDY;HOLLY;SEM@EMAIL.COM;0;0;00/00/0000
962;20868392;BUNNY;BLANC;SEM@EMAIL.COM;0;0;00/00/0000
963;21010821;CABECA;DE MARTELO DISNEY;SEM@EMAIL.COM;0;0;00/00/0000
964;20679850;CAPITAO;FEIO;SEM@EMAIL.COM;0;0;00/00/0000
965;21000468;CAPITÃO GAULT ;SEM NOME;SEM@EMAIL.COM;0;0;00/00/0000
966;20965381;CAPTAIN;CAVEMAN AND THE TEEN ANGELS;SEM@EMAIL.COM;0;0;00/00/0000
967;20891341;CARRIE;UNDERWOOD;SEM@EMAIL.COM;0;0;00/00/0000
968;20947993;CEDRICO;DIGGORY ;SEM@EMAIL.COM;0;0;00/00/0000
969;20749930;CERISE;HOOD;SEM@EMAIL.COM;0;0;00/00/0000
970;20717068;CERSEI;LANNISTER;SEM@EMAIL.COM;0;0;00/00/0000
971;20987488;CHARLIE;CHAN;SEM@EMAIL.COM;0;0;00/00/0000
972;20072426;CHARLIE;SHEEN;SEM@EMAIL.COM;0;0;00/00/0000
973;20667684;CHARLIZE;THERON;SEM@EMAIL.COM;0;0;00/00/0000
974;20776878;CHARLOTTE'S WEB (2006);SEM NOME;SEM@EMAIL.COM;0;0;00/00/0000
975;20617664;CHARLUS;E DOREA POTTER ;SEM@EMAIL.COM;0;0;00/00/0000
976;21034035;CHO;CHANG ;SEM@EMAIL.COM;0;0;00/00/0000
977;20994740;CINDY;CHANDLER ;SEM@EMAIL.COM;0;0;00/00/0000
978;20417059;COLDPLAY;SEM NOME;SEM@EMAIL.COM;0;0;00/00/0000
979;21014228;COLE;PALITO;SEM@EMAIL.COM;0;0;00/00/0000
980;20564624;COOKIE;KWAN;SEM@EMAIL.COM;0;0;00/00/0000
981;21046700;DAMA;CINZENTA ;SEM@EMAIL.COM;0;0;00/00/0000
982;20252534;DANICA;PATRICK;SEM@EMAIL.COM;0;0;00/00/0000
983;20550774;DANIELLE;ROUSSEAU ;SEM@EMAIL.COM;0;0;00/00/0000
984;21021724;DAWLISH;SEM NOME;SEM@EMAIL.COM;0;0;00/00/0000
985;20651390;DION;SEM NOME;SEM@EMAIL.COM;0;0;00/00/0000
986;21022944;DISCO;STU;SEM@EMAIL.COM;0;0;00/00/0000
987;20731964;DOLORES;JANE UMBRIDGE ;SEM@EMAIL.COM;0;0;00/00/0000
988;21004277;GABRIEL;RAMOS TORRES;SEM@EMAIL.COM;0;0;00/00/0000
989;20532195;DOLPH;OS SIMPSONS;SEM@EMAIL.COM;0;0;00/00/0000
990;20779660;DONALD;TRUMP;SEM@EMAIL.COM;0;0;00/00/0000
991;20677729;DRACO;LUCIO MALFOY ;SEM@EMAIL.COM;0;0;00/00/0000
992;20910414;DROOPY;SEM NOME;SEM@EMAIL.COM;0;0;00/00/0000
993;21048425;DRUELA;ROSIER BLACK ;SEM@EMAIL.COM;0;0;00/00/0000
994;20767223;DUCK;DODGERS;SEM@EMAIL.COM;0;0;00/00/0000
995;20926206;DUDU;POPEYE;SEM@EMAIL.COM;0;0;00/00/0000
996;21039727;DUFFMAN;SEM NOME;SEM@EMAIL.COM;0;0;00/00/0000
997;20986244;DWAYNE;JOHNSON;SEM@EMAIL.COM;0;0;00/00/0000
998;21021373;ELMER;FUDD;SEM@EMAIL.COM;0;0;00/00/0000
999;20545413;ELVIS;PRESLEY;SEM@EMAIL.COM;0;0;00/00/0000
1000;20612640;EMMA;STONE;SEM@EMAIL.COM;0;0;00/00/0000
1001;21010742;ERIC;BOURDON;SEM@EMAIL.COM;0;0;00/00/0000
1002;20984415;ESTRELINHA;MAGICA;SEM@EMAIL.COM;0;0;00/00/0000
1003;20662992;FA;MULAN;SEM@EMAIL.COM;0;0;00/00/0000
1004;20682104;FLOYD;MAYWEATHER;SEM@EMAIL.COM;0;0;00/00/0000
1005;20887408;FOGHORN;LEGHORN;SEM@EMAIL.COM;0;0;00/00/0000
1006;20951323;FRAJUTO;SEM NOME;SEM@EMAIL.COM;0;0;00/00/0000
1007;20965981;GAUCHINHO;VOADOR;SEM@EMAIL.COM;0;0;00/00/0000
1008;21012571;GEEZIL;SEM NOME;SEM@EMAIL.COM;0;0;00/00/0000
1009;20898284;GEORGE;JONES;SEM@EMAIL.COM;0;0;00/00/0000
1010;21039823;GLENN;BECK;SEM@EMAIL.COM;0;0;00/00/0000
1011;20465571;GOGO;DODO;SEM@EMAIL.COM;0;0;00/00/0000
1012;20940095;GORDON;RAMSAY;SEM@EMAIL.COM;0;0;00/00/0000
1013;20710353;GREGG;ALLMAN;SEM@EMAIL.COM;0;0;00/00/0000
1014;21040113;GWEN;TENNYSON;SEM@EMAIL.COM;0;0;00/00/0000
1015;20960071;HANA;WYSTER;SEM@EMAIL.COM;0;0;00/00/0000
1016;21022775;HANK;WILLIAMS;SEM@EMAIL.COM;0;0;00/00/0000
1017;20292934;HERBERT;POWELL SIMPSON;SEM@EMAIL.COM;0;0;00/00/0000
1018;20846635;HICKORY; DICKORY AND DOC;SEM@EMAIL.COM;0;0;00/00/0000
1019;20862272;HOMEM-BISCOITO (SHREK);SEM NOME;SEM@EMAIL.COM;0;0;00/00/0000
1020;21014892;HOMER;SIMPSON;SEM@EMAIL.COM;0;0;00/00/0000
1021;20661123;HORACE;GOODSPEED ;SEM@EMAIL.COM;0;0;00/00/0000
1022;20644984;HOWARD;STERN;SEM@EMAIL.COM;0;0;00/00/0000
1023;21023224;HUGO;PERSONAGEM;SEM@EMAIL.COM;0;0;00/00/0000
1024;20934388;HUNTER;HUNTSMAN;SEM@EMAIL.COM;0;0;00/00/0000
1025;20999574;JACKIE;WILSON;SEM@EMAIL.COM;0;0;00/00/0000
1026;20891101;JAMES;BROWN;SEM@EMAIL.COM;0;0;00/00/0000
1027;20774371;JANIS;JOPLIN;SEM@EMAIL.COM;0;0;00/00/0000
1028;20685477;JAY-Z;SEM NOME;SEM@EMAIL.COM;0;0;00/00/0000
1029;20964741;JENNIFER;ANISTON;SEM@EMAIL.COM;0;0;00/00/0000
1030;20804786;JENNIFER;LAWRENCE;SEM@EMAIL.COM;0;0;00/00/0000
1031;20745989;JEONG;JEONG;SEM@EMAIL.COM;0;0;00/00/0000
1032;20761959;JEOR;MORMONT;SEM@EMAIL.COM;0;0;00/00/0000
1033;20911135;JERRY;LEE LEWIS;SEM@EMAIL.COM;0;0;00/00/0000
1034;20791169;JOHN;LENNON;SEM@EMAIL.COM;0;0;00/00/0000
1035;20444998;JON;SNOW;SEM@EMAIL.COM;0;0;00/00/0000
1036;20522644;JORAH;MORMONT;SEM@EMAIL.COM;0;0;00/00/0000
1037;20526158;JUSTIN;BIEBER;SEM@EMAIL.COM;0;0;00/00/0000
1038;20642054;JUSTINE;DANCER;SEM@EMAIL.COM;0;0;00/00/0000
1039;20990138;KANYE;WEST;SEM@EMAIL.COM;0;0;00/00/0000
1040;20761310;KAREN;DEGROOT ;SEM@EMAIL.COM;0;0;00/00/0000
1041;20639422;KEN;BONECO;SEM@EMAIL.COM;0;0;00/00/0000
1042;20852566;KENNY;CHESNEY;SEM@EMAIL.COM;0;0;00/00/0000
1043;20996451;KESSIE;SEM NOME;SEM@EMAIL.COM;0;0;00/00/0000
1044;20971753;KEVAN;LANNISTER;SEM@EMAIL.COM;0;0;00/00/0000
1045;21052101;KOBE;BRYANT;SEM@EMAIL.COM;0;0;00/00/0000
1046;20787294;KURT;COBAIN;SEM@EMAIL.COM;0;0;00/00/0000
1047;21039802;LANCEL;LANNISTER;SEM@EMAIL.COM;0;0;00/00/0000
1048;20680814;LEBRON;JAMES;SEM@EMAIL.COM;0;0;00/00/0000
1049;20704265;LEONARDO;DICAPRIO;SEM@EMAIL.COM;0;0;00/00/0000
1050;20885877;LEVON;HELM;SEM@EMAIL.COM;0;0;00/00/0000
1051;20987301;LITTLE;RICHARD;SEM@EMAIL.COM;0;0;00/00/0000
1052;20986019;LIZZIE;HEARTS;SEM@EMAIL.COM;0;0;00/00/0000
1053;20771354;LOBO;MAU;SEM@EMAIL.COM;0;0;00/00/0000
1054;20903774;LOMMY;MAOS VERDES;SEM@EMAIL.COM;0;0;00/00/0000
1055;20951134;LORDE;BORK;SEM@EMAIL.COM;0;0;00/00/0000
1056;21042392;LOTHAR;FREY;SEM@EMAIL.COM;0;0;00/00/0000
1057;20993451;LOU;REED;SEM@EMAIL.COM;0;0;00/00/0000
1058;20700650;LUPINA;SEM NOME;SEM@EMAIL.COM;0;0;00/00/0000
1059;20743761;LUTHER;VANDROSS;SEM@EMAIL.COM;0;0;00/00/0000
1060;20652260;MADONNA;SEM NOME;SEM@EMAIL.COM;0;0;00/00/0000
1061;20652060;MAGGIE;SIMPSON;SEM@EMAIL.COM;0;0;00/00/0000
1062;20668412;MAI;AVATAR: THE LAST AIRBENDER;SEM@EMAIL.COM;0;0;00/00/0000
1063;21048156;MALEVOLA;DISNEY;SEM@EMAIL.COM;0;0;00/00/0000
1064;20885672;MANNY;PACQUIAO;SEM@EMAIL.COM;0;0;00/00/0000
1065;20876142;MARIAH;CAREY;SEM@EMAIL.COM;0;0;00/00/0000
1066;20696992;MARIO;PERSONAGEM;SEM@EMAIL.COM;0;0;00/00/0000
1067;20892200;MARLENE;MCKINNON ;SEM@EMAIL.COM;0;0;00/00/0000
1068;21052628;MARQUES;DE RABICO;SEM@EMAIL.COM;0;0;00/00/0000
1069;20942035;MARTIN;KEAMY ;SEM@EMAIL.COM;0;0;00/00/0000
1070;20751761;MARVIN;GAYE;SEM@EMAIL.COM;0;0;00/00/0000
1071;20755767;MARVIN; O MARCIANO;SEM@EMAIL.COM;0;0;00/00/0000
1072;20655654;MAVIS;STAPLES;SEM@EMAIL.COM;0;0;00/00/0000
1073;20665197;MEISTRE;AEMON;SEM@EMAIL.COM;0;0;00/00/0000
1074;21012530;MELISSA;MCCARTHY;SEM@EMAIL.COM;0;0;00/00/0000
1075;21018259;MERLE;HAGGARD;SEM@EMAIL.COM;0;0;00/00/0000
1076;20984676;MICHAEL;JACKSON;SEM@EMAIL.COM;0;0;00/00/0000
1077;20537169;MOE;SZYSLAK;SEM@EMAIL.COM;0;0;00/00/0000
1078;20514382;MORRISSEY;SEM NOME;SEM@EMAIL.COM;0;0;00/00/0000
1079;20866055;MUDDY;WATERS;SEM@EMAIL.COM;0;0;00/00/0000
1080;21004753;MULCIBER;SEM NOME;SEM@EMAIL.COM;0;0;00/00/0000
1081;20912763;MULHER;GORDA ;SEM@EMAIL.COM;0;0;00/00/0000
1082;21048581;MUNDUNGO;FLETCHER ;SEM@EMAIL.COM;0;0;00/00/0000
1083;20987885;MURPHY;GENGIVAS SANGRENTAS;SEM@EMAIL.COM;0;0;00/00/0000
1084;20902720;MUTTLEY;SEM NOME;SEM@EMAIL.COM;0;0;00/00/0000
1085;20871626;NEIL;PATRICK HARRIS;SEM@EMAIL.COM;0;0;00/00/0000
1086;20963613;NINA;SIMONE;SEM@EMAIL.COM;0;0;00/00/0000
1087;21010832;OS;GOONS;SEM@EMAIL.COM;0;0;00/00/0000
1088;20717393;OSWALD;THE LUCKY RABBIT;SEM@EMAIL.COM;0;0;00/00/0000
1089;21051541;PE;DE PANO;SEM@EMAIL.COM;0;0;00/00/0000
1090;20906228;PENELOPE;PITSTOP;SEM@EMAIL.COM;0;0;00/00/0000
1091;20758760;PEPPER;ANN;SEM@EMAIL.COM;0;0;00/00/0000
1092;20978253;PERNINHA;E LILICA;SEM@EMAIL.COM;0;0;00/00/0000
1093;20951129;PETYR;BAELISH;SEM@EMAIL.COM;0;0;00/00/0000
1094;21044230;PHIL;MICKELSON;SEM@EMAIL.COM;0;0;00/00/0000
1095;21049331;PICOLINO;SEM NOME;SEM@EMAIL.COM;0;0;00/00/0000
1096;20653995;POPEYE;SEM NOME;SEM@EMAIL.COM;0;0;00/00/0000
1097;20568035;PRINCE;SEM NOME;SEM@EMAIL.COM;0;0;00/00/0000
1098;20980951;PUCCA;SEM NOME;SEM@EMAIL.COM;0;0;00/00/0000
1099;20723369;RACHAEL;RAY;SEM@EMAIL.COM;0;0;00/00/0000
1100;21048487;RAFAEL;NADAL;SEM@EMAIL.COM;0;0;00/00/0000
1101;20667541;RAY;ROMANO;SEM@EMAIL.COM;0;0;00/00/0000
1102;20684091;REPTIL;MARVEL COMICS;SEM@EMAIL.COM;0;0;00/00/0000
1103;20756218;RIHANNA;SEM NOME;SEM@EMAIL.COM;0;0;00/00/0000
1104;20886674;ROD;STEWART;SEM@EMAIL.COM;0;0;00/00/0000
1105;21015814;ROGER;FEDERER;SEM@EMAIL.COM;0;0;00/00/0000
1106;20993727;ROQUE-ROQUE;SEM NOME;SEM@EMAIL.COM;0;0;00/00/0000
1107;20644714;ROY;ORBISON;SEM@EMAIL.COM;0;0;00/00/0000
1108;20880490;RUFUS;SCRIMGEOUR ;SEM@EMAIL.COM;0;0;00/00/0000
1109;20870558;RYAN;SEACREST;SEM@EMAIL.COM;0;0;00/00/0000
1110;20930662;SAM;MOORE;SEM@EMAIL.COM;0;0;00/00/0000
1111;20955490;SANDOR;CLEGANE;SEM@EMAIL.COM;0;0;00/00/0000
1112;20309883;SELMA;BOUVIER;SEM@EMAIL.COM;0;0;00/00/0000
1113;21051610;SERENA;WILLIAMS;SEM@EMAIL.COM;0;0;00/00/0000
1114;21005423;TIAGO;GUIDO;SEM@EMAIL.COM;0;0;00/00/0000
1115;20917394;SHELBYVILLE;MANHATTAN;SEM@EMAIL.COM;0;0;00/00/0000
1116;20527538;SIDESHOW;BOB;SEM@EMAIL.COM;0;0;00/00/0000
1117;20798742;SIDESHOW;MEL;SEM@EMAIL.COM;0;0;00/00/0000
1118;20778802;SLY;STONE;SEM@EMAIL.COM;0;0;00/00/0000
1119;20866590;SMOKEY;ROBINSON;SEM@EMAIL.COM;0;0;00/00/0000
1120;20995678;SNAKE;JAILBIRD;SEM@EMAIL.COM;0;0;00/00/0000
1121;20747088;SOFIA;VERGARA;SEM@EMAIL.COM;0;0;00/00/0000
1122;20760107;STEVEN;SPIELBERG;SEM@EMAIL.COM;0;0;00/00/0000
1123;20731465;STEVIE;NICKS;SEM@EMAIL.COM;0;0;00/00/0000
1124;20883468;STEVIE;WONDER;SEM@EMAIL.COM;0;0;00/00/0000
1125;21026648;SYRIO;FOREL;SEM@EMAIL.COM;0;0;00/00/0000
1126;20744719;TAYLOR;SWIFT;SEM@EMAIL.COM;0;0;00/00/0000
1127;21007163;THE;MAXX;SEM@EMAIL.COM;0;0;00/00/0000
1128;20754667;TINA;TURNER;SEM@EMAIL.COM;0;0;00/00/0000
1129;20709988;TURMA;DO BERMUDAO;SEM@EMAIL.COM;0;0;00/00/0000
1130;21047629;BRAM;SEM NOME;SEM@EMAIL.COM;0;0;00/00/0000
1131;20661751;VARYS;SEM NOME;SEM@EMAIL.COM;0;0;00/00/0000
1132;20743623;WILL;SMITH;SEM@EMAIL.COM;0;0;00/00/0000
1133;20681493;WILLIE;NELSON;SEM@EMAIL.COM;0;0;00/00/0000
1134;20910982;YEMI;SEM NOME;SEM@EMAIL.COM;0;0;00/00/0000
1135;20979427;ZE;JACARE;SEM@EMAIL.COM;0;0;00/00/0000
1136;21032798;JOHN;SNOW;SEM@EMAIL.COM;0;0;00/00/0000
1137;20944972;BOLTOR;SEM NOME;SEM@EMAIL.COM;0;0;00/00/0000
1138;20378782;BOLTON;SEM NOME;SEM@EMAIL.COM;0;0;00/00/0000
1139;21981627;SMIGLE;SEM NOME;SEM@EMAIL.COM;0;0;00/00/0000
1140;21022639;GANDALF THE WHITE;SEM NOME;SEM@EMAIL.COM;0;0;00/00/0000
